time,angle,pwm
0.001,24.17,-255.00
0.002,24.17,132.42
0.002,24.17,132.51
0.002,24.26,93.48
0.002,24.26,128.73
0.003,24.17,167.94
0.003,24.26,93.75
0.003,24.26,129.00
0.003,24.35,89.96
0.003,24.35,125.21
0.004,24.44,86.17
0.004,24.44,121.41
0.004,24.52,82.36
0.004,24.61,78.48
0.004,24.61,113.71
0.005,24.70,74.66
0.005,24.79,70.76
0.005,24.88,66.86
0.006,24.88,102.08
0.006,24.96,63.02
0.006,24.96,98.23
0.006,25.05,59.16
0.007,25.14,55.25
0.007,25.14,90.45
0.007,25.23,51.37
0.007,25.32,-52.55
0.007,25.32,82.65
0.008,25.40,-56.44
0.008,25.40,78.75
0.008,25.49,-60.34
0.008,25.49,74.85
0.008,25.49,74.87
0.009,25.49,74.90
0.009,25.49,74.92
0.009,25.49,74.95
0.009,25.49,74.97
0.010,25.49,75.00
0.010,25.49,75.02
0.010,25.49,75.05
0.010,25.49,75.07
0.010,25.49,75.10
0.011,25.49,75.13
0.011,25.49,75.15
0.011,25.49,75.18
0.011,25.40,114.32
0.012,25.40,79.19
0.012,25.40,79.22
0.012,25.40,79.25
0.012,25.32,118.40
0.013,25.32,83.28
0.013,25.32,83.31
0.013,25.32,83.34
0.014,25.23,122.50
0.014,25.23,87.38
0.015,25.14,126.53
0.016,25.14,91.42
0.016,25.14,91.46
0.016,25.05,130.62
0.016,25.05,95.51
0.016,25.05,95.56
0.017,25.05,95.61
0.017,24.96,134.77
0.017,24.96,99.67
0.018,24.96,99.72
0.018,24.96,99.77
0.018,24.88,138.94
0.018,24.88,103.84
0.018,24.88,103.89
0.019,24.88,103.95
0.019,24.88,104.01
0.019,24.88,104.06
0.019,24.88,104.12
0.020,24.79,143.29
0.020,24.79,108.19
0.020,24.79,108.26
0.020,24.79,108.32
0.020,24.79,108.38
0.021,24.79,108.44
0.021,24.79,108.50
0.021,24.70,147.68
0.022,24.70,112.58
0.022,24.79,73.53
0.022,24.70,147.87
0.022,24.70,112.77
0.022,24.70,112.84
0.023,24.70,112.90
0.023,24.70,112.97
0.023,24.79,73.91
0.023,24.70,148.25
0.024,24.70,113.16
0.024,24.70,113.22
0.024,24.70,113.29
0.024,24.70,113.35
0.025,24.70,113.42
0.025,24.70,113.48
0.025,24.70,113.55
0.025,24.70,113.61
0.025,24.70,113.68
0.026,24.79,74.62
0.026,24.79,109.85
0.026,24.79,109.91
0.026,24.79,109.97
0.027,24.79,110.03
0.027,24.70,149.21
0.027,24.79,74.99
0.027,24.79,110.21
0.027,24.79,110.27
0.028,24.79,110.33
0.028,24.79,110.40
0.028,24.79,110.46
0.028,24.79,110.52
0.028,24.79,110.58
0.029,24.79,110.64
0.029,24.79,110.70
0.029,24.79,110.76
0.029,24.79,110.82
0.029,24.79,110.88
0.030,24.88,71.82
0.030,24.88,107.04
0.030,24.88,107.09
0.030,24.88,107.15
0.031,24.88,107.21
0.031,24.88,107.26
0.031,24.88,107.32
0.031,24.88,107.37
0.031,24.88,107.43
0.032,24.88,107.49
0.032,24.88,107.54
0.032,24.96,68.48
0.032,24.96,103.69
0.032,24.96,103.74
0.033,24.96,103.79
0.033,24.96,103.85
0.033,24.96,103.90
0.033,24.96,103.95
0.034,24.96,104.00
0.034,24.96,104.05
0.034,24.96,104.11
0.034,25.05,65.04
0.034,25.05,100.24
0.035,25.05,100.29
0.035,25.05,100.34
0.035,25.05,100.39
0.035,25.05,100.43
0.035,25.05,100.48
0.036,25.05,100.53
0.036,24.96,139.70
0.036,25.05,65.47
0.036,24.96,139.80
0.037,24.96,104.69
0.037,25.05,65.62
0.037,24.96,139.95
0.037,24.96,104.84
0.037,24.96,104.89
0.038,24.96,104.94
0.038,24.96,104.99
0.038,24.96,105.05
0.038,24.96,105.10
0.038,24.96,105.15
0.039,24.96,105.20
0.039,24.96,105.25
0.039,24.96,105.31
0.039,24.96,105.36
0.040,24.96,105.41
0.040,24.96,105.46
0.040,24.96,105.51
0.040,24.96,105.56
0.040,24.96,105.62
0.041,24.96,105.67
0.041,24.96,105.72
0.041,24.96,105.77
0.041,24.96,105.82
0.041,24.96,105.88
0.042,24.96,105.93
0.042,24.96,105.98
0.042,24.96,106.03
0.042,24.96,106.08
0.043,24.96,106.13
0.043,24.96,106.19
0.043,24.96,106.24
0.043,24.96,106.29
0.043,24.96,106.34
0.044,24.96,106.39
0.044,24.96,106.45
0.044,24.96,106.50
0.044,24.88,145.67
0.044,24.88,110.57
0.045,24.88,110.62
0.045,24.88,110.68
0.045,24.88,110.73
0.045,24.79,149.91
0.046,24.79,114.81
0.046,24.79,114.87
0.046,24.70,154.05
0.046,24.70,118.96
0.046,24.61,158.14
0.047,24.61,123.05
0.047,24.61,123.12
0.047,24.52,162.31
0.047,24.52,127.22
0.047,24.44,166.42
0.048,24.44,131.34
0.048,24.44,131.41
0.048,24.35,170.61
0.048,24.35,135.53
0.049,24.35,135.62
0.049,24.35,135.70
0.049,24.26,174.90
0.051,24.26,139.83
0.056,24.26,139.92
0.061,24.26,140.00
0.066,24.17,179.21
0.071,24.17,144.14
0.076,24.17,144.23
0.081,24.17,144.32
0.086,24.17,144.42
0.091,24.17,144.51
0.096,24.17,144.60
0.101,24.17,144.69
0.106,24.17,144.78
0.111,24.08,183.99
0.116,24.08,148.93
0.121,24.08,149.02
0.126,24.08,149.12
0.130,24.17,110.10
0.136,24.08,184.47
0.141,24.17,110.28
0.146,24.08,184.65
0.150,24.08,149.59
0.156,24.08,149.69
0.160,24.08,149.78
0.166,24.00,189.00
0.171,24.00,153.94
0.176,24.00,154.04
0.181,23.91,193.26
0.186,23.91,158.20
0.191,23.91,158.31
0.196,23.91,158.41
0.201,23.82,197.63
0.206,23.82,162.58
0.211,23.73,201.81
0.216,23.73,166.77
0.221,23.73,166.88
0.226,23.73,166.99
0.231,23.73,167.11
0.236,23.73,167.22
0.241,23.73,167.33
0.246,23.73,167.45
0.251,23.73,167.56
0.256,23.73,167.67
0.261,23.73,167.79
0.266,23.82,128.78
0.271,23.82,164.05
0.276,23.82,164.16
0.281,23.82,164.27
0.286,23.91,125.26
0.291,23.91,160.52
0.296,23.91,160.62
0.301,24.00,121.61
0.305,24.00,156.87
0.311,24.00,156.97
0.316,24.00,157.07
0.321,24.08,118.05
0.326,24.08,153.31
0.331,24.08,153.40
0.336,24.08,153.50
0.341,24.08,153.59
0.346,24.17,114.57
0.351,24.17,149.82
0.356,24.17,149.91
0.361,24.17,150.00
0.366,24.17,150.09
0.371,24.17,150.19
0.376,24.26,111.16
0.381,24.26,146.40
0.386,24.26,146.49
0.391,24.26,146.58
0.396,24.26,146.67
0.401,24.35,107.63
0.406,24.35,142.88
0.411,24.35,142.96
0.416,24.44,103.92
0.421,24.44,139.16
0.426,24.52,100.12
0.431,24.52,135.35
0.436,24.61,96.30
0.441,24.70,92.41
0.446,24.70,127.64
0.451,24.70,127.70
0.456,24.79,88.65
0.461,24.88,84.75
0.466,24.88,119.97
0.471,24.88,120.02
0.476,24.88,120.08
0.481,24.88,120.13
0.486,24.96,81.07
0.491,24.96,116.28
0.496,25.05,77.21
0.501,25.05,112.42
0.506,25.05,112.47
0.511,25.05,112.52
0.516,25.05,112.56
0.521,25.05,112.61
0.526,25.14,73.54
0.531,25.14,108.74
0.536,25.14,108.79
0.541,25.14,108.83
0.546,25.14,108.87
0.551,25.14,108.91
0.556,25.23,69.84
0.561,25.23,105.04
0.566,25.32,65.96
0.571,25.32,101.15
0.576,25.32,101.18
0.581,25.40,62.10
0.586,25.40,97.29
0.591,25.49,58.20
0.596,25.49,93.38
0.601,25.58,54.29
0.606,25.58,89.47
0.611,25.58,89.49
0.616,25.67,50.39
0.621,25.67,85.57
0.626,25.67,85.59
0.631,25.75,-53.52
0.636,25.75,81.65
0.641,25.75,81.67
0.646,25.84,-57.44
0.651,25.84,77.73
0.656,25.75,116.85
0.661,25.75,81.71
0.666,25.75,81.72
0.671,25.75,81.73
0.676,25.67,120.86
0.681,25.67,85.72
0.686,25.67,85.74
0.691,25.58,124.87
0.696,25.67,50.61
0.701,25.58,124.91
0.706,25.58,89.77
0.711,25.58,89.79
0.716,25.58,89.81
0.721,25.58,89.84
0.726,25.58,89.86
0.730,25.58,89.88
0.735,25.58,89.90
0.740,25.58,89.92
0.746,25.67,50.82
0.751,25.67,86.00
0.756,25.67,86.01
0.761,25.67,86.03
0.766,25.67,86.05
0.771,25.67,86.06
0.776,25.67,86.08
0.781,25.67,86.10
0.786,25.67,86.11
0.791,25.67,86.13
0.796,25.58,125.27
0.801,25.58,90.13
0.806,25.58,90.15
0.811,25.58,90.17
0.816,25.58,90.19
0.821,25.58,90.21
0.826,25.49,129.35
0.831,25.49,94.22
0.836,25.49,94.24
0.841,25.40,133.39
0.846,25.40,98.26
0.851,25.40,98.29
0.856,25.40,98.32
0.861,25.40,98.35
0.866,25.40,98.38
0.874,25.32,137.53
0.875,25.32,102.40
0.881,25.32,102.44
0.886,25.32,102.47
0.891,25.32,102.51
0.896,25.32,102.54
0.901,25.32,102.57
0.906,25.32,102.61
0.911,25.32,102.64
0.916,25.32,102.68
0.921,25.32,102.71
0.926,25.32,102.75
0.931,25.32,102.78
0.936,25.32,102.81
0.941,25.32,102.85
0.946,25.40,63.76
0.951,25.40,98.95
0.956,25.40,98.98
0.961,25.40,99.01
0.966,25.32,138.16
0.971,25.32,103.04
0.976,25.32,103.07
0.981,25.32,103.10
0.986,25.32,103.14
0.991,25.32,103.17
0.996,25.23,142.33
1.001,25.23,107.21
1.005,25.23,107.24
1.011,25.23,107.28
1.015,25.23,107.32
1.021,25.23,107.36
1.025,25.14,146.52
1.031,25.14,111.40
1.035,25.14,111.44
1.040,25.14,111.49
1.046,25.14,111.53
1.051,25.14,111.57
1.056,25.14,111.62
1.061,25.14,111.66
1.066,25.23,72.58
1.071,25.23,107.78
1.076,25.23,107.82
1.081,25.23,107.86
1.086,25.32,68.78
1.090,25.32,103.97
1.095,25.32,104.01
1.100,25.32,104.04
1.106,25.32,104.07
1.110,25.40,64.99
1.115,25.40,100.18
1.121,25.40,100.21
1.126,25.40,100.24
1.131,25.40,100.27
1.136,25.40,100.30
1.141,25.32,139.45
1.146,25.32,104.32
1.151,25.32,104.36
1.156,25.32,104.39
1.161,25.32,104.42
1.166,25.32,104.46
1.171,25.32,104.49
1.176,25.32,104.53
1.181,25.40,65.44
1.186,25.40,100.63
1.191,25.40,100.66
1.196,25.49,61.57
1.201,25.49,96.76
1.206,25.49,96.78
1.211,25.58,57.69
1.216,25.58,92.87
1.221,25.58,92.89
1.226,25.67,53.79
1.231,25.75,-50.15
1.236,25.75,85.02
1.241,25.84,-54.09
1.246,25.93,-58.04
1.250,25.93,77.12
1.255,25.93,77.13
1.260,25.93,77.13
1.265,25.93,77.13
1.271,25.93,77.14
1.275,25.93,77.14
1.280,25.93,77.15
1.286,25.93,77.15
1.291,25.93,77.15
1.295,25.93,77.16
1.300,25.93,77.16
1.305,25.93,77.16
1.310,25.93,77.17
1.316,25.93,77.17
1.321,25.93,77.17
1.325,25.93,77.18
1.330,25.84,116.30
1.336,25.84,81.15
1.341,25.84,81.16
1.346,25.84,81.16
1.351,25.84,81.17
1.356,25.75,120.30
1.361,25.75,85.15
1.366,25.75,85.16
1.371,25.75,85.18
1.376,25.75,85.19
1.381,25.75,85.20
1.386,25.75,85.21
1.391,25.75,85.22
1.396,25.75,85.24
1.401,25.75,85.25
1.406,25.84,-53.86
1.411,25.84,81.31
1.416,25.84,81.32
1.421,25.84,81.33
1.426,25.84,81.33
1.431,25.84,81.34
1.436,25.84,81.35
1.441,25.93,-57.76
1.446,25.93,77.40
1.451,25.93,77.40
1.456,25.93,77.41
1.461,25.93,77.41
1.466,25.93,77.41
1.471,25.93,77.42
1.476,25.93,77.42
1.481,25.93,77.42
1.486,25.93,77.43
1.491,25.93,77.43
1.496,25.93,77.44
1.501,25.93,77.44
1.506,26.02,-61.68
1.511,26.02,73.48
1.516,26.02,73.48
1.521,26.02,73.48
1.526,26.02,73.48
1.531,26.02,73.48
1.536,26.02,73.48
1.541,25.93,112.60
1.546,26.02,-61.68
1.551,25.93,112.60
1.556,25.93,77.44
1.561,25.93,77.45
1.566,25.93,77.45
1.571,26.02,-61.67
1.576,26.02,73.49
1.581,26.02,73.49
1.586,26.02,73.49
1.591,26.02,73.49
1.596,26.02,73.49
1.601,26.02,73.49
1.606,25.93,112.61
1.611,25.93,77.45
1.616,26.02,-61.67
1.621,25.93,112.61
1.626,25.93,77.46
1.631,25.93,77.46
1.636,25.93,77.46
1.641,25.93,77.47
1.646,25.93,77.47
1.651,25.93,77.47
1.657,25.93,77.48
1.661,25.84,116.60
1.666,25.84,81.45
1.671,25.84,81.46
1.676,25.75,120.58
1.681,25.75,85.44
1.686,25.67,124.57
1.691,25.67,89.42
1.696,25.67,89.44
1.701,25.67,89.46
1.706,25.58,128.59
1.711,25.58,93.45
1.716,25.58,93.48
1.721,25.58,93.50
1.726,25.58,93.52
1.731,25.58,93.54
1.736,25.58,93.56
1.741,25.49,132.70
1.747,25.49,97.57
1.751,25.49,97.59
1.756,25.49,97.62
1.761,25.49,97.64
1.766,25.49,97.67
1.771,25.49,97.69
1.776,25.49,97.72
1.781,25.58,58.62
1.786,25.58,93.81
1.791,25.58,93.83
1.796,25.58,93.85
1.801,25.58,93.87
1.806,25.58,93.89
1.811,25.58,93.91
1.816,25.58,93.93
1.821,25.58,93.95
1.826,25.58,93.97
1.831,25.67,54.88
1.836,25.67,90.05
1.841,25.67,90.07
1.846,25.58,129.21
1.851,25.67,54.95
1.856,25.58,129.24
1.861,25.58,94.10
1.866,25.58,94.13
1.871,25.58,94.15
1.876,25.58,94.17
1.881,25.58,94.19
1.886,25.58,94.21
1.891,25.58,94.23
1.896,25.58,94.25
1.901,25.58,94.27
1.906,25.58,94.29
1.911,25.58,94.31
1.916,25.58,94.34
1.921,25.58,94.36
1.926,25.58,94.38
1.931,25.58,94.40
1.936,25.58,94.42
1.941,25.58,94.44
1.946,25.49,133.58
1.951,25.49,98.45
1.956,25.49,98.47
1.961,25.40,137.62
1.966,25.40,102.49
1.971,25.32,141.64
1.976,25.23,145.63
1.981,25.23,110.51
1.986,25.23,110.55
1.991,25.14,149.71
1.996,25.05,153.71
2.001,25.05,118.60
2.006,24.96,157.77
2.011,24.88,161.78
2.016,24.88,126.67
2.021,24.88,126.73
2.026,24.79,165.91
2.031,24.79,130.81
2.036,24.70,169.99
2.041,24.70,134.89
2.046,24.61,174.08
2.051,24.61,138.99
2.056,24.52,178.18
2.061,24.52,143.09
2.066,24.44,182.28
2.071,24.44,147.20
2.076,24.35,186.40
2.081,24.35,151.32
2.086,24.26,190.52
2.091,24.26,155.45
2.096,24.26,155.54
2.101,24.17,194.75
2.106,24.17,159.68
2.111,24.17,159.77
2.116,24.17,159.86
2.121,24.17,159.95
2.126,24.17,160.04
2.131,24.17,160.13
2.136,24.17,160.22
2.141,24.17,160.32
2.146,24.17,160.41
2.151,24.26,121.38
2.156,24.26,156.63
2.161,24.26,156.71
2.166,24.26,156.80
2.171,24.35,117.77
2.176,24.35,153.01
2.181,24.35,153.09
2.186,24.35,153.17
2.191,24.35,153.26
2.196,24.35,153.34
2.201,24.35,153.42
2.206,24.35,153.51
2.211,24.35,153.59
2.216,24.35,153.67
2.221,24.35,153.75
2.226,24.44,114.72
2.231,24.44,149.95
2.236,24.44,150.03
2.241,24.44,150.11
2.246,24.44,150.19
2.251,24.44,150.27
2.256,24.44,150.34
2.261,24.44,150.42
2.266,24.44,150.50
2.271,24.52,111.46
2.276,24.52,146.69
2.281,24.52,146.77
2.286,24.61,107.72
2.291,24.61,142.95
2.295,24.70,103.90
2.300,24.70,139.12
2.305,24.79,100.07
2.310,24.79,135.29
2.315,24.88,96.23
2.321,24.88,131.45
2.326,24.88,131.50
2.331,24.88,131.56
2.336,24.96,92.50
2.341,24.96,127.71
2.346,25.05,88.64
2.351,25.05,123.85
2.356,25.14,84.77
2.361,25.14,119.98
2.366,25.14,120.02
2.371,25.14,120.06
2.376,25.14,120.11
2.381,25.23,81.03
2.386,25.14,155.35
2.391,25.23,81.11
2.396,25.14,155.43
2.401,25.23,81.19
2.406,25.23,116.39
2.411,25.23,116.43
2.416,25.23,116.47
2.421,25.23,116.51
2.426,25.23,116.55
2.431,25.32,77.47
2.436,25.32,112.66
2.441,25.40,73.57
2.446,25.40,108.76
2.451,25.40,108.79
2.456,25.49,69.70
2.461,25.58,65.77
2.466,25.67,61.83
2.471,25.75,57.89
2.476,25.93,-85.18
2.481,26.02,-53.98
2.486,26.19,-97.06
2.491,26.28,-65.87
2.496,26.46,-108.96
2.501,26.55,-77.78
2.506,26.63,-81.77
2.511,26.72,-85.76
2.516,26.72,-50.64
2.521,26.81,-89.79
2.526,26.81,-54.68
2.531,26.81,-54.72
2.535,26.90,-93.88
2.541,26.81,80.36
2.545,26.90,-93.96
2.550,26.81,80.27
2.556,26.81,-54.93
2.561,26.72,84.15
2.566,26.72,-51.04
2.574,26.72,-51.08
2.576,26.72,-51.12
2.581,26.63,87.97
2.586,26.63,52.78
2.591,26.55,91.86
2.596,26.46,95.80
2.601,26.46,60.61
2.606,26.37,99.71
2.611,26.37,64.53
2.616,26.28,103.63
2.621,26.28,68.46
2.626,26.19,107.57
2.631,26.19,72.40
2.636,26.19,72.39
2.641,26.19,72.38
2.646,26.19,72.37
2.651,26.11,111.48
2.656,26.11,76.31
2.661,26.11,76.31
2.666,26.11,76.30
2.671,26.02,115.42
2.676,26.02,80.25
2.681,26.02,80.25
2.686,26.02,80.25
2.691,26.02,80.25
2.696,25.93,119.37
2.701,25.93,84.21
2.705,25.93,84.22
2.711,25.93,84.22
2.715,25.93,84.23
2.720,25.93,84.23
2.726,25.84,123.35
2.731,25.84,88.20
2.735,25.84,88.21
2.741,25.75,127.34
2.746,25.75,92.19
2.750,25.75,92.20
2.755,25.75,92.21
2.760,25.75,92.22
2.765,25.75,92.24
2.771,25.75,92.25
2.775,25.67,131.38
2.780,25.67,96.24
2.785,25.67,96.25
2.790,25.67,96.27
2.795,25.67,96.29
2.800,25.67,96.30
2.806,25.58,135.44
2.811,25.58,100.30
2.816,25.58,100.32
2.821,25.58,100.34
2.826,25.58,100.37
2.831,25.58,100.39
2.836,25.67,61.29
2.841,25.67,96.46
2.846,25.67,96.48
2.851,25.67,96.50
2.856,25.67,96.51
2.861,25.67,96.53
2.866,25.75,57.43
2.871,25.75,92.60
2.876,25.75,92.61
2.881,25.84,53.50
2.886,25.84,88.67
2.891,25.84,88.68
2.896,25.84,88.69
2.901,25.93,-50.42
2.906,25.93,84.74
2.911,26.02,-54.38
2.916,26.11,-58.34
2.921,26.19,-62.30
2.926,26.28,-66.27
2.931,26.19,107.99
2.936,26.28,-66.30
2.941,26.37,-70.27
2.946,26.46,-74.25
2.951,26.46,60.89
2.956,26.63,-117.37
2.961,26.63,52.91
2.966,26.72,-86.24
2.971,26.72,-51.11
2.976,26.81,-90.27
2.981,26.90,-94.27
2.986,26.90,-59.15
2.991,26.90,-59.20
2.996,26.90,-59.24
3.001,26.90,-59.29
3.006,26.90,-59.33
3.011,26.81,79.74
3.016,26.81,-55.46
3.021,26.81,-55.50
3.026,26.72,83.58
3.031,26.72,-51.62
3.036,26.72,-51.65
3.041,26.72,-51.69
3.046,26.63,87.39
3.051,26.63,52.20
3.056,26.55,91.29
3.061,26.55,56.10
3.066,26.46,95.20
3.071,26.37,99.13
3.076,26.37,63.96
3.081,26.28,103.06
3.086,26.28,67.88
3.091,26.28,67.87
3.096,26.28,67.85
3.101,26.19,106.96
3.106,26.19,71.79
3.111,26.19,71.78
3.116,26.19,71.77
3.121,26.11,110.88
3.126,26.11,75.72
3.131,26.11,75.71
3.136,26.11,75.71
3.141,26.11,75.70
3.146,26.11,75.69
3.151,26.11,75.69
3.156,26.11,75.68
3.161,26.02,114.80
3.166,26.02,79.64
3.171,26.02,79.64
3.176,26.02,79.64
3.181,26.02,79.63
3.187,26.11,-59.49
3.190,26.11,75.67
3.196,26.11,75.66
3.201,26.11,75.66
3.206,26.11,75.65
3.211,26.11,75.65
3.216,26.11,75.64
3.221,26.11,75.64
3.226,26.11,75.63
3.231,26.11,75.63
3.236,26.11,75.62
3.241,26.11,75.62
3.246,26.11,75.61
3.251,26.11,75.60
3.256,26.11,75.60
3.261,26.19,-63.53
3.266,26.19,71.62
3.271,26.19,71.61
3.276,26.19,71.61
3.281,26.19,71.60
3.286,26.19,71.59
3.291,26.19,71.58
3.296,26.19,71.57
3.301,26.19,71.56
3.306,26.19,71.55
3.311,26.19,71.54
3.316,26.19,71.53
3.321,26.19,71.52
3.326,26.19,71.51
3.331,26.19,71.50
3.336,26.19,71.49
3.341,26.19,71.48
3.346,26.19,71.47
3.351,26.19,71.46
3.356,26.19,71.45
3.361,26.19,71.44
3.366,26.19,71.43
3.371,26.19,71.42
3.376,26.28,-67.71
3.381,26.28,67.44
3.386,26.28,67.42
3.391,26.28,67.41
3.396,26.28,67.39
3.401,26.28,67.38
3.406,26.28,67.37
3.411,26.28,67.35
3.416,26.37,-71.78
3.421,26.46,-75.76
3.425,26.46,59.38
3.431,26.55,-79.77
3.435,26.63,-83.75
3.440,26.72,-87.74
3.446,26.72,-52.62
3.451,26.81,-91.78
3.456,26.90,-95.78
3.461,26.90,-60.66
3.466,26.90,-60.71
3.471,26.99,-99.87
3.476,26.99,-64.76
3.481,27.07,-103.93
3.486,27.07,-68.82
3.491,27.16,-108.00
3.496,27.16,-72.90
3.501,27.16,-72.95
3.506,27.16,-73.01
3.510,27.07,66.05
3.516,27.07,-69.16
3.521,27.07,-69.22
3.527,27.07,-69.27
3.531,27.07,-69.32
3.535,26.99,69.74
3.541,26.99,-65.47
3.545,26.90,73.60
3.551,26.90,-61.60
3.556,26.90,-61.65
3.561,26.81,77.43
3.566,26.72,81.35
3.571,26.72,-53.85
3.576,26.63,85.24
3.581,26.63,50.04
3.586,26.55,89.13
3.591,26.55,53.95
3.596,26.46,93.04
3.601,26.37,96.97
3.606,26.37,61.80
3.612,26.37,61.78
3.616,26.37,61.76
3.620,26.28,100.86
3.625,26.28,65.69
3.631,26.19,104.79
3.636,26.19,69.62
3.641,26.19,69.61
3.646,26.19,69.60
3.651,26.19,69.59
3.656,26.19,69.58
3.662,26.19,69.57
3.666,26.11,108.68
3.671,26.11,73.52
3.676,26.11,73.51
3.681,26.11,73.51
3.686,26.11,73.50
3.691,26.11,73.50
3.696,26.11,73.49
3.701,26.11,73.49
3.706,26.11,73.48
3.711,26.19,-65.64
3.716,26.19,69.51
3.721,26.19,69.50
3.726,26.19,69.49
3.731,26.19,69.48
3.736,26.19,69.47
3.741,26.19,69.46
3.746,26.19,69.45
3.751,26.19,69.44
3.756,26.19,69.43
3.761,26.19,69.42
3.766,26.19,69.41
3.771,26.19,69.40
3.776,26.19,69.39
3.781,26.19,69.38
3.786,26.28,-69.75
3.791,26.28,65.40
3.796,26.28,65.38
3.801,26.28,65.37
3.806,26.28,65.35
3.811,26.37,-73.78
3.816,26.37,61.36
3.821,26.37,61.34
3.826,26.37,61.33
3.830,26.37,61.31
3.836,26.37,61.29
3.841,26.37,61.27
3.846,26.37,61.25
3.850,26.37,61.23
3.856,26.37,61.21
3.861,26.37,61.20
3.866,26.46,-77.94
3.871,26.46,57.19
3.876,26.46,57.17
3.881,26.46,57.15
3.886,26.55,-81.99
3.891,26.55,53.14
3.896,26.55,53.11
3.901,26.55,53.08
3.906,26.55,53.06
3.911,26.55,53.03
3.916,26.55,53.00
3.921,26.63,-86.15
3.926,26.63,-51.02
3.931,26.63,-51.05
3.936,26.72,-90.20
3.941,26.72,-55.08
3.946,26.72,-55.11
3.951,26.72,-55.15
3.956,26.72,-55.18
3.961,26.72,-55.22
3.966,26.72,-55.26
3.971,26.63,83.83
3.976,26.63,-51.36
3.981,26.55,87.72
3.986,26.55,52.54
3.991,26.55,52.51
3.996,26.55,52.48
4.001,26.55,52.45
4.006,26.46,91.55
4.011,26.46,56.36
4.016,26.37,95.46
4.021,26.37,60.28
4.026,26.37,60.26
4.031,26.37,60.25
4.036,26.37,60.23
4.041,26.37,60.21
4.046,26.37,60.19
4.051,26.37,60.17
4.056,26.37,60.15
4.061,26.37,60.13
4.066,26.28,99.24
4.071,26.37,-75.06
4.075,26.28,99.20
4.080,26.28,64.03
4.086,26.28,64.02
4.091,26.28,64.00
4.096,26.37,-75.13
4.101,26.37,60.01
4.106,26.37,59.99
4.111,26.37,59.97
4.115,26.37,59.95
4.120,26.37,59.93
4.125,26.37,59.92
4.130,26.37,59.90
4.136,26.37,59.88
4.141,26.37,59.86
4.146,26.37,59.84
4.151,26.46,-79.30
4.156,26.46,55.84
4.161,26.46,55.82
4.166,26.46,55.80
4.171,26.46,55.77
4.176,26.46,55.75
4.181,26.46,55.73
4.186,26.46,55.70
4.191,26.55,-83.44
4.196,26.55,51.69
4.201,26.55,51.67
4.206,26.55,51.64
4.211,26.63,-87.51
4.216,26.72,-91.50
4.221,26.72,-56.38
4.226,26.81,-95.53
4.231,26.81,-60.41
4.236,26.90,-99.57
4.241,26.90,-64.46
4.246,26.99,-103.62
4.251,26.99,-68.51
4.256,27.07,-107.68
4.261,26.99,66.55
4.266,27.07,-107.78
4.271,27.07,-72.68
4.276,27.07,-72.73
4.281,26.99,66.34
4.286,26.99,-68.87
4.291,26.99,-68.92
4.296,26.99,-68.97
4.301,26.90,70.10
4.306,26.90,-65.11
4.311,26.90,-65.15
4.315,26.81,73.92
4.321,26.81,-61.28
4.325,26.72,77.80
4.331,26.72,-57.39
4.336,26.72,-57.43
4.340,26.63,81.65
4.346,26.63,-53.54
4.351,26.63,-53.57
4.356,26.55,85.52
4.361,26.55,50.33
4.366,26.46,89.42
4.371,26.46,54.24
4.376,26.37,93.34
4.381,26.37,58.16
4.386,26.37,58.14
4.391,26.37,58.12
4.396,26.37,58.10
4.401,26.37,58.09
4.407,26.37,58.07
4.411,26.37,58.05
4.416,26.28,97.15
4.421,26.28,61.98
4.426,26.37,-77.16
4.431,26.37,57.98
4.436,26.37,57.96
4.441,26.37,57.95
4.446,26.37,57.93
4.451,26.37,57.91
4.456,26.37,57.89
4.461,26.37,57.87
4.466,26.37,57.85
4.471,26.37,57.84
4.476,26.37,57.82
4.481,26.37,57.80
4.486,26.46,-81.34
4.491,26.46,53.80
4.496,26.46,53.77
4.501,26.46,53.75
4.506,26.55,-85.39
4.511,26.55,-50.26
4.516,26.55,-50.29
4.521,26.55,-50.31
4.526,26.55,-50.34
4.531,26.55,-50.37
4.536,26.55,-50.40
4.541,26.55,-50.42
4.546,26.46,88.67
4.551,26.46,53.49
4.556,26.46,53.46
4.561,26.37,92.56
4.566,26.37,57.38
4.571,26.37,57.36
4.576,26.28,96.47
4.581,26.37,-77.83
4.586,26.37,57.31
4.591,26.37,57.29
4.596,26.28,96.40
4.601,26.37,-77.90
4.606,26.28,96.36
4.611,26.28,61.19
4.616,26.28,61.18
4.621,26.28,61.16
4.626,26.37,-77.97
4.631,26.37,57.17
4.636,26.37,57.15
4.641,26.37,57.13
4.646,26.37,57.11
4.651,26.37,57.09
4.656,26.37,57.08
4.661,26.37,57.06
4.666,26.37,57.04
4.671,26.37,57.02
4.676,26.37,57.00
4.681,26.37,56.98
4.686,26.37,56.97
4.691,26.46,-82.17
4.696,26.46,52.96
4.701,26.46,52.94
4.706,26.46,52.92
4.711,26.55,-86.22
4.716,26.55,-51.09
4.720,26.55,-51.12
4.725,26.46,87.97
4.731,26.46,52.79
4.736,26.37,91.89
4.740,26.28,95.83
4.745,26.28,60.65
4.750,26.19,99.76
4.756,26.11,103.71
4.761,26.02,107.67
4.766,26.02,72.50
4.771,25.84,150.74
4.776,25.84,80.43
4.782,25.75,119.56
4.786,25.67,123.53
4.791,25.58,127.51
4.796,25.58,92.37
4.801,25.58,92.39
4.806,25.49,131.53
4.811,25.49,96.40
4.816,25.40,135.54
4.821,25.40,100.41
4.826,25.40,100.44
4.831,25.32,139.59
4.836,25.32,104.47
4.841,25.32,104.50
4.846,25.32,104.53
4.851,25.32,104.57
4.856,25.32,104.60
4.861,25.32,104.64
4.866,25.32,104.67
4.871,25.32,104.70
4.876,25.32,104.74
4.881,25.32,104.77
4.886,25.40,65.69
4.891,25.40,100.88
4.896,25.40,100.91
4.901,25.49,61.82
4.906,25.49,97.00
4.911,25.58,57.91
4.916,25.58,93.09
4.921,25.58,93.11
4.926,25.67,54.01
4.931,25.67,89.19
4.936,25.67,89.20
4.941,25.75,50.10
4.946,25.75,85.27
4.951,25.84,-53.83
4.956,25.84,81.33
4.961,25.93,-57.78
4.966,25.93,77.39
4.972,26.02,-61.73
4.976,26.11,-65.69
4.981,26.11,69.46
4.986,26.19,-69.66
4.991,26.19,65.49
4.996,26.19,65.48
5.001,26.19,65.47
5.006,26.19,65.46
5.011,26.19,65.45
5.016,26.19,65.44
5.021,26.19,65.43
5.026,26.28,-73.70
5.031,26.28,61.45
5.036,26.28,61.43
5.041,26.37,-77.70
5.046,26.37,57.44
5.051,26.37,57.42
5.056,26.46,-81.72
5.061,26.46,53.42
5.066,26.37,92.52
5.071,26.46,-81.78
5.076,26.37,92.48
5.081,26.37,57.30
5.086,26.37,57.28
5.091,26.37,57.26
5.096,26.37,57.24
5.101,26.37,57.22
5.106,26.37,57.20
5.111,26.46,-81.93
5.116,26.46,53.20
5.121,26.46,53.18
5.126,26.46,53.16
5.131,26.46,53.13
5.136,26.46,53.11
5.141,26.46,53.09
5.146,26.46,53.07
5.151,26.55,-86.08
5.156,26.55,-50.94
5.161,26.63,-90.09
5.166,26.72,-94.08
5.171,26.81,-98.08
5.177,26.90,-102.08
5.181,26.90,-66.96
5.186,26.99,-106.13
5.191,27.07,-110.14
5.196,27.16,-114.15
5.201,27.25,-118.17
5.206,27.34,-122.19
5.211,27.42,-126.22
5.216,27.42,-91.13
5.221,27.42,-91.20
5.226,27.51,-130.39
5.231,27.51,-95.31
5.236,27.51,-95.38
5.241,27.60,-134.58
5.246,27.60,-99.50
5.251,27.60,-99.58
5.256,27.60,-99.66
5.261,27.60,-99.74
5.266,27.60,-99.82
5.271,27.60,-99.90
5.276,27.60,-99.98
5.281,27.51,-60.94
5.286,27.51,-96.18
5.291,27.51,-96.25
5.296,27.51,-96.33
5.301,27.42,-57.28
5.306,27.42,-92.51
5.311,27.42,-92.58
5.316,27.34,-53.54
5.321,27.34,-88.76
5.325,27.34,-88.83
5.330,27.25,50.22
5.336,27.16,54.12
5.340,27.16,-81.10
5.346,27.07,57.96
5.351,27.07,-77.25
5.356,26.99,61.82
5.361,26.99,-73.39
5.366,26.99,-73.44
5.371,26.90,65.63
5.376,26.90,-69.58
5.381,26.90,-69.62
5.386,26.90,-69.67
5.391,26.90,-69.71
5.396,26.90,-69.76
5.401,26.81,69.32
5.406,26.72,73.24
5.411,26.72,-61.96
5.416,26.72,-61.99
5.421,26.63,77.09
5.426,26.63,-58.10
5.431,26.63,-58.13
5.436,26.63,-58.16
5.441,26.63,-58.20
5.446,26.63,-58.23
5.451,26.55,80.86
5.456,26.55,-54.33
5.461,26.55,-54.35
5.466,26.55,-54.38
5.471,26.55,-54.41
5.476,26.55,-54.44
5.481,26.55,-54.46
5.486,26.46,84.63
5.491,26.46,-50.55
5.496,26.46,-50.58
5.501,26.46,-50.60
5.506,26.46,-50.62
5.512,26.46,-50.64
5.516,26.37,88.45
5.521,26.37,53.27
5.526,26.37,53.26
5.531,26.37,53.24
5.536,26.37,53.22
5.541,26.37,53.20
5.546,26.37,53.18
5.551,26.46,-85.96
5.556,26.37,88.30
5.561,26.46,-86.00
5.566,26.46,-50.86
5.571,26.46,-50.88
5.576,26.55,-90.03
5.581,26.55,-54.89
5.586,26.55,-54.92
5.591,26.55,-54.95
5.596,26.63,-94.10
5.601,26.63,-58.97
5.606,26.63,-59.00
5.611,26.63,-59.03
5.616,26.63,-59.06
5.621,26.63,-59.09
5.626,26.63,-59.13
5.631,26.63,-59.16
5.636,26.63,-59.19
5.641,26.63,-59.22
5.646,26.63,-59.25
5.651,26.63,-59.28
5.656,26.63,-59.32
5.661,26.63,-59.35
5.666,26.63,-59.38
5.671,26.63,-59.41
5.676,26.63,-59.44
5.681,26.63,-59.47
5.686,26.63,-59.51
5.691,26.63,-59.54
5.696,26.63,-59.57
5.701,26.72,-98.72
5.706,26.72,-63.60
5.711,26.72,-63.63
5.716,26.90,-141.91
5.721,26.90,-71.63
5.726,26.99,-110.80
5.731,27.07,-114.81
5.736,27.25,-157.94
5.741,27.34,-126.80
5.746,27.42,-130.83
5.751,27.51,-134.86
5.756,27.69,-178.02
5.761,27.78,-146.90
5.766,27.86,-150.95
5.771,27.95,-155.00
5.776,28.04,-159.06
5.781,28.13,-163.12
5.786,28.22,-167.19
5.791,28.22,-132.14
5.796,28.30,-171.37
5.801,28.30,-136.33
5.806,28.39,-175.56
5.811,28.39,-140.52
5.816,28.39,-140.64
5.821,28.39,-140.76
5.826,28.48,-180.00
5.831,28.39,-105.84
5.835,28.39,-141.12
5.840,28.39,-141.24
5.845,28.39,-141.36
5.850,28.39,-141.48
5.856,28.39,-141.60
5.861,28.39,-141.72
5.866,28.30,-102.72
5.871,28.30,-138.00
5.876,28.22,-98.99
5.881,28.22,-134.26
5.886,28.13,-95.25
5.891,28.13,-130.52
5.896,28.04,-91.51
5.901,28.04,-126.77
5.906,27.95,-87.75
5.911,27.86,-83.89
5.916,27.86,-119.14
5.921,27.78,-80.11
5.926,27.69,-76.24
5.931,27.69,-111.49
5.936,27.60,-72.45
5.941,27.51,-68.57
5.946,27.42,-64.69
5.951,27.42,-99.92
5.956,27.34,-60.87
5.961,27.34,-96.10
5.966,27.25,-57.04
5.971,27.16,-53.15
5.976,27.07,50.76
5.981,27.07,-84.46
5.986,26.99,54.61
5.991,26.90,58.52
5.996,26.90,-76.69
6.001,26.81,62.39
6.006,26.81,-72.81
6.012,26.72,66.27
6.016,26.81,-108.05
6.021,26.72,66.19
6.026,26.72,-69.01
6.031,26.72,-69.04
6.036,26.63,70.04
6.041,26.63,-65.15
6.046,26.63,-65.18
6.051,26.63,-65.21
6.056,26.63,-65.24
6.061,26.63,-65.28
6.066,26.63,-65.31
6.071,26.63,-65.34
6.078,26.63,-65.37
6.081,26.63,-65.40
6.086,26.63,-65.43
6.090,26.55,73.65
6.096,26.55,-61.53
6.101,26.55,-61.56
6.105,26.55,-61.59
6.111,26.55,-61.62
6.115,26.46,77.48
6.120,26.46,-57.71
6.126,26.46,-57.73
6.131,26.46,-57.75
6.136,26.46,-57.77
6.141,26.46,-57.80
6.146,26.46,-57.82
6.151,26.46,-57.84
6.156,26.46,-57.87
6.161,26.46,-57.89
6.166,26.46,-57.91
6.171,26.46,-57.93
6.176,26.46,-57.96
6.181,26.46,-57.98
6.186,26.46,-58.00
6.191,26.46,-58.03
6.196,26.46,-58.05
6.201,26.46,-58.07
6.206,26.37,81.03
6.211,26.37,-54.15
6.216,26.37,-54.17
6.221,26.37,-54.19
6.225,26.37,-54.21
6.230,26.37,-54.23
6.235,26.37,-54.25
6.240,26.37,-54.26
6.246,26.37,-54.28
6.250,26.37,-54.30
6.256,26.37,-54.32
6.261,26.37,-54.34
6.266,26.37,-54.36
6.271,26.37,-54.38
6.276,26.37,-54.39
6.281,26.37,-54.41
6.286,26.37,-54.43
6.291,26.37,-54.45
6.296,26.37,-54.47
6.301,26.37,-54.49
6.306,26.37,-54.50
6.311,26.37,-54.52
6.316,26.37,-54.54
6.321,26.37,-54.56
6.329,26.37,-54.58
6.330,26.37,-54.60
6.335,26.37,-54.62
6.341,26.37,-54.63
6.346,26.37,-54.65
6.351,26.37,-54.67
6.356,26.28,84.43
6.361,26.28,-50.74
6.366,26.28,-50.76
6.371,26.19,88.35
6.376,26.19,53.18
6.381,26.19,53.17
6.386,26.19,53.16
6.391,26.19,53.15
6.396,26.19,53.14
6.400,26.19,53.13
6.406,26.19,53.12
6.411,26.19,53.11
6.416,26.19,53.10
6.421,26.19,53.09
6.426,26.19,53.08
6.431,26.19,53.07
6.436,26.28,-86.06
6.441,26.37,-90.03
6.446,26.37,-54.89
6.451,26.37,-54.91
6.456,26.46,-94.05
6.461,26.46,-58.91
6.465,26.55,-98.05
6.470,26.55,-62.92
6.475,26.55,-62.95
6.480,26.55,-62.98
6.486,26.63,-102.12
6.491,26.63,-66.99
6.496,26.63,-67.03
6.501,26.72,-106.18
6.506,26.72,-71.05
6.511,26.72,-71.09
6.516,26.72,-71.13
6.521,26.72,-71.16
6.526,26.72,-71.20
6.531,26.72,-71.23
6.536,26.72,-71.27
6.541,26.72,-71.31
6.546,26.72,-71.34
6.551,26.72,-71.38
6.556,26.72,-71.41
6.561,26.72,-71.45
6.566,26.72,-71.49
6.571,26.72,-71.52
6.576,26.72,-71.56
6.581,26.72,-71.59
6.586,26.72,-71.63
6.591,26.72,-71.67
6.596,26.72,-71.70
6.601,26.72,-71.74
6.606,26.72,-71.78
6.611,26.72,-71.81
6.616,26.72,-71.85
6.620,26.63,67.24
6.625,26.63,-67.96
6.630,26.63,-67.99
6.636,26.55,71.10
6.641,26.55,-64.09
6.646,26.46,75.01
6.651,26.37,78.94
6.656,26.37,-56.24
6.661,26.28,82.87
6.666,26.19,86.81
6.671,26.19,51.64
6.676,26.11,90.75
6.681,26.11,55.59
6.686,26.02,94.70
6.691,25.93,98.66
6.696,25.93,63.50
6.701,25.93,63.51
6.706,25.93,63.51
6.711,25.93,63.51
6.716,25.93,63.52
6.721,26.02,-75.60
6.726,26.02,59.56
6.731,26.02,59.56
6.736,26.02,59.56
6.741,26.11,-79.56
6.746,26.11,55.59
6.751,26.11,55.59
6.756,26.19,-83.54
6.761,26.19,51.61
6.765,26.19,51.60
6.771,26.28,-87.53
6.776,26.28,-52.38
6.781,26.37,-91.51
6.786,26.37,-56.37
6.791,26.46,-95.51
6.796,26.46,-60.37
6.801,26.55,-99.52
6.806,26.55,-64.38
6.811,26.55,-64.41
6.815,26.55,-64.44
6.820,26.63,-103.59
6.826,26.63,-68.46
6.830,26.63,-68.49
6.836,26.72,-107.64
6.841,26.72,-72.52
6.846,26.72,-72.55
6.851,26.72,-72.59
6.856,26.72,-72.63
6.861,26.72,-72.66
6.866,26.72,-72.70
6.871,26.72,-72.73
6.876,26.72,-72.77
6.881,26.72,-72.81
6.886,26.72,-72.84
6.891,26.72,-72.88
6.896,26.72,-72.91
6.901,26.72,-72.95
6.906,26.72,-72.99
6.911,26.72,-73.02
6.916,26.72,-73.06
6.921,26.72,-73.09
6.926,26.63,65.99
6.931,26.63,-69.20
6.936,26.63,-69.23
6.941,26.63,-69.27
6.946,26.63,-69.30
6.951,26.63,-69.33
6.956,26.55,69.76
6.961,26.55,-65.43
6.966,26.55,-65.46
6.971,26.55,-65.48
6.976,26.55,-65.51
6.981,26.46,73.58
6.986,26.46,-61.60
6.991,26.46,-61.62
6.996,26.46,-61.65
7.001,26.46,-61.67
7.006,26.46,-61.69
7.011,26.37,77.40
7.016,26.37,-57.77
7.021,26.37,-57.79
7.026,26.37,-57.81
7.031,26.37,-57.83
7.036,26.37,-57.85
7.041,26.37,-57.87
7.046,26.37,-57.88
7.051,26.37,-57.90
7.056,26.37,-57.92
7.061,26.37,-57.94
7.066,26.37,-57.96
7.071,26.37,-57.98
7.076,26.28,81.12
7.081,26.28,-54.05
7.086,26.28,-54.06
7.091,26.28,-54.08
7.096,26.28,-54.09
7.101,26.28,-54.11
7.106,26.19,85.00
7.111,26.28,-89.29
7.116,26.28,-54.14
7.121,26.19,84.96
7.126,26.28,-89.33
7.131,26.28,-54.18
7.136,26.28,-54.20
7.141,26.28,-54.21
7.146,26.28,-54.22
7.151,26.28,-54.24
7.156,26.28,-54.25
7.161,26.28,-54.27
7.166,26.37,-93.40
7.171,26.37,-58.26
7.176,26.37,-58.28
7.181,26.28,80.82
7.186,26.28,-54.35
7.191,26.28,-54.36
7.196,26.28,-54.38
7.201,26.28,-54.39
7.206,26.28,-54.41
7.211,26.28,-54.42
7.216,26.28,-54.44
7.221,26.28,-54.45
7.226,26.28,-54.46
7.231,26.28,-54.48
7.236,26.28,-54.49
7.241,26.28,-54.51
7.246,26.28,-54.52
7.251,26.28,-54.53
7.256,26.28,-54.55
7.261,26.37,-93.68
7.266,26.28,80.58
7.271,26.28,-54.59
7.276,26.28,-54.61
7.281,26.28,-54.62
7.286,26.28,-54.64
7.291,26.28,-54.65
7.296,26.28,-54.67
7.301,26.28,-54.68
7.306,26.28,-54.69
7.311,26.28,-54.71
7.316,26.37,-93.84
7.321,26.37,-58.70
7.326,26.46,-97.84
7.331,26.46,-62.70
7.336,26.55,-101.84
7.341,26.63,-105.83
7.345,26.72,-109.82
7.350,26.72,-74.70
7.356,26.81,-113.85
7.360,26.90,-117.86
7.365,26.99,-121.86
7.370,27.07,-125.87
7.375,27.16,-129.88
7.380,27.25,-133.90
7.385,27.34,-137.92
7.390,27.42,-141.95
7.395,27.51,-145.98
7.400,27.60,-150.02
7.406,27.69,-154.06
7.411,27.78,-158.10
7.416,27.78,-123.03
7.421,27.86,-162.24
7.426,27.86,-127.17
7.431,27.95,-166.38
7.436,27.95,-131.32
7.441,28.04,-170.54
7.446,28.04,-135.48
7.451,28.04,-135.58
7.456,28.04,-135.69
7.461,28.04,-135.79
7.466,28.04,-135.89
7.471,28.04,-135.99
7.476,28.04,-136.09
7.481,28.04,-136.20
7.486,27.95,-97.18
7.491,27.95,-132.44
7.496,27.95,-132.53
7.501,27.95,-132.63
7.506,27.86,-93.61
7.511,27.86,-128.86
7.516,27.86,-128.95
7.521,27.78,-89.93
7.526,27.78,-125.18
7.531,27.69,-86.15
7.536,27.69,-121.39
7.541,27.60,-82.35
7.546,27.60,-117.59
7.551,27.51,-78.55
7.556,27.51,-113.79
7.561,27.51,-113.87
7.566,27.42,-74.82
7.571,27.42,-110.05
7.576,27.42,-110.12
7.581,27.34,-71.08
7.586,27.25,-67.18
7.591,27.25,-102.41
7.596,27.16,-63.35
7.601,27.16,-98.57
7.606,27.07,-59.50
7.611,27.07,-94.72
7.616,26.99,-55.65
7.621,26.99,-90.86
7.626,26.90,-51.79
7.631,26.90,-86.99
7.636,26.90,-87.04
7.641,26.81,52.04
7.646,26.72,55.95
7.651,26.72,-79.24
7.656,26.63,59.84
7.661,26.63,-75.35
7.666,26.55,63.74
7.671,26.55,-71.45
7.676,26.46,67.64
7.681,26.46,-67.54
7.686,26.46,-67.56
7.691,26.46,-67.58
7.697,26.46,-67.61
7.701,26.37,71.49
7.705,26.37,-63.69
7.710,26.37,-63.71
7.716,26.37,-63.73
7.721,26.37,-63.74
7.726,26.28,75.36
7.731,26.28,-59.82
7.736,26.28,-59.83
7.740,26.28,-59.85
7.746,26.28,-59.86
7.751,26.28,-59.87
7.756,26.28,-59.89
7.761,26.28,-59.90
7.766,26.28,-59.92
7.771,26.28,-59.93
7.776,26.28,-59.94
7.780,26.19,79.16
7.785,26.19,-56.01
7.790,26.19,-56.02
7.796,26.19,-56.03
7.801,26.19,-56.04
7.806,26.19,-56.05
7.811,26.19,-56.06
7.816,26.19,-56.07
7.821,26.19,-56.08
7.826,26.19,-56.09
7.831,26.28,-95.22
7.836,26.28,-60.07
7.841,26.28,-60.08
7.846,26.28,-60.10
7.851,26.28,-60.11
7.856,26.28,-60.13
7.861,26.28,-60.14
7.866,26.28,-60.15
7.871,26.28,-60.17
7.876,26.28,-60.18
7.881,26.37,-99.32
7.886,26.28,74.95
7.891,26.37,-99.35
7.896,26.37,-64.21
7.901,26.37,-64.23
7.906,26.37,-64.24
7.911,26.37,-64.26
7.916,26.46,-103.40
7.921,26.46,-68.26
7.926,26.46,-68.29
7.931,26.46,-68.31
7.936,26.46,-68.33
7.941,26.46,-68.36
7.946,26.55,-107.50
7.953,26.55,-72.37
7.955,26.55,-72.39
7.960,26.55,-72.42
7.965,26.55,-72.45
7.971,26.55,-72.47
7.976,26.55,-72.50
7.981,26.55,-72.53
7.986,26.55,-72.56
7.991,26.55,-72.58
7.996,26.55,-72.61
8.001,26.55,-72.64
8.006,26.55,-72.67
8.011,26.55,-72.69
8.016,26.55,-72.72
8.021,26.55,-72.75
8.026,26.55,-72.77
8.031,26.55,-72.80
8.036,26.55,-72.83
8.041,26.46,66.26
8.046,26.46,-68.92
8.051,26.46,-68.94
8.056,26.37,70.15
8.061,26.37,-65.02
8.066,26.37,-65.04
8.071,26.37,-65.06
8.075,26.37,-65.08
8.080,26.46,-104.22
8.086,26.46,-69.08
8.091,26.46,-69.10
8.096,26.37,69.99
8.101,26.37,-65.19
8.106,26.37,-65.20
8.111,26.37,-65.22
8.116,26.37,-65.24
8.121,26.37,-65.26
8.126,26.37,-65.28
8.131,26.37,-65.30
8.138,26.46,-104.43
8.140,26.37,69.82
8.146,26.46,-104.48
8.151,26.46,-69.34
8.155,26.46,-69.36
8.161,26.46,-69.38
8.166,26.46,-69.41
8.171,26.55,-108.55
8.176,26.55,-73.42
8.181,26.55,-73.45
8.185,26.55,-73.47
8.190,26.46,65.62
8.196,26.46,-69.56
8.201,26.46,-69.59
8.206,26.46,-69.61
8.211,26.37,69.49
8.216,26.37,-65.69
8.221,26.28,73.41
8.226,26.28,-61.76
8.231,26.28,-61.78
8.236,26.19,77.33
8.241,26.19,-57.84
8.246,26.19,-57.85
8.251,26.19,-57.86
8.256,26.19,-57.87
8.261,26.11,81.24
8.266,26.11,-53.93
8.271,26.11,-53.93
8.276,26.02,85.18
8.281,26.11,-89.10
8.286,26.02,85.18
8.291,26.11,-89.10
8.296,26.02,85.17
8.301,26.11,-89.11
8.306,26.11,-53.95
8.311,26.11,-53.96
8.316,26.11,-53.97
8.321,26.11,-53.97
8.326,26.11,-53.98
8.331,26.11,-53.98
8.336,26.19,-93.11
8.341,26.19,-57.96
8.346,26.19,-57.97
8.351,26.19,-57.98
8.356,26.19,-57.99
8.361,26.19,-57.99
8.366,26.19,-58.00
8.371,26.19,-58.01
8.376,26.19,-58.02
8.381,26.19,-58.03
8.386,26.19,-58.04
8.391,26.19,-58.05
8.396,26.19,-58.06
8.401,26.19,-58.07
8.406,26.19,-58.08
8.411,26.19,-58.09
8.416,26.19,-58.10
8.421,26.19,-58.11
8.426,26.19,-58.12
8.431,26.19,-58.13
8.436,26.19,-58.14
8.441,26.19,-58.15
8.446,26.19,-58.16
8.451,26.19,-58.17
8.456,26.19,-58.18
8.461,26.11,80.93
8.466,26.11,-54.23
8.471,26.11,-54.24
8.476,26.11,-54.24
8.481,26.11,-54.25
8.486,26.11,-54.26
8.491,26.11,-54.26
8.496,26.11,-54.27
8.501,26.11,-54.27
8.506,26.02,84.84
8.512,26.02,-50.32
8.516,25.93,88.80
8.521,25.93,53.64
8.526,25.84,92.77
8.531,25.75,96.74
8.536,25.75,61.59
8.541,25.75,61.60
8.546,25.67,100.73
8.551,25.67,65.59
8.556,25.58,104.73
8.561,25.58,69.59
8.566,25.58,69.61
8.571,25.67,-69.49
8.576,25.58,104.81
8.581,25.67,-69.45
8.586,25.67,65.72
8.591,25.67,65.74
8.595,25.67,65.76
8.601,25.75,-73.35
8.605,25.75,61.83
8.611,25.84,-77.28
8.616,25.93,-81.23
8.621,25.93,53.93
8.626,25.93,53.93
8.631,26.02,-85.18
8.636,26.02,-50.02
8.641,26.11,-89.15
8.646,26.11,-53.99
8.651,26.19,-93.12
8.656,26.19,-57.97
8.661,26.28,-97.10
8.666,26.28,-61.95
8.671,26.28,-61.96
8.676,26.37,-101.10
8.681,26.37,-65.96
8.686,26.46,-105.09
8.691,26.46,-69.96
8.696,26.46,-69.98
8.701,26.46,-70.00
8.705,26.46,-70.03
8.711,26.55,-109.17
8.716,26.55,-74.04
8.721,26.55,-74.06
8.726,26.55,-74.09
8.731,26.55,-74.12
8.736,26.55,-74.15
8.741,26.55,-74.17
8.746,26.55,-74.20
8.751,26.55,-74.23
8.756,26.55,-74.25
8.761,26.55,-74.28
8.766,26.55,-74.31
8.771,26.55,-74.34
8.776,26.55,-74.36
8.781,26.55,-74.39
8.786,26.55,-74.42
8.791,26.46,64.67
8.796,26.46,-70.51
8.801,26.46,-70.53
8.806,26.46,-70.55
8.811,26.46,-70.58
8.816,26.46,-70.60
8.821,26.46,-70.62
8.826,26.46,-70.65
8.830,26.37,68.45
8.836,26.37,-66.73
8.841,26.37,-66.75
8.846,26.28,72.36
8.851,26.28,-62.82
8.856,26.28,-62.83
8.861,26.28,-62.85
8.866,26.28,-62.86
8.871,26.28,-62.87
8.876,26.28,-62.89
8.881,26.28,-62.90
8.886,26.28,-62.92
8.891,26.28,-62.93
8.896,26.28,-62.95
8.901,26.19,76.16
8.906,26.19,-59.01
8.911,26.19,-59.02
8.916,26.19,-59.03
8.921,26.19,-59.04
8.926,26.19,-59.05
8.931,26.19,-59.06
8.936,26.11,80.05
8.941,26.11,-55.11
8.946,26.11,-55.12
8.951,26.11,-55.12
8.956,26.11,-55.13
8.961,26.11,-55.13
8.966,26.11,-55.14
8.971,26.11,-55.14
8.976,26.02,83.97
8.981,26.02,-51.19
8.986,26.02,-51.19
8.991,26.02,-51.19
8.996,26.02,-51.19
9.001,26.02,-51.19
9.005,26.02,-51.20
9.011,25.93,87.92
9.016,25.93,52.77
9.021,25.93,52.77
9.026,25.93,52.77
9.031,26.02,-86.34
9.036,26.02,-51.18
9.041,26.02,-51.18
9.046,26.02,-51.19
9.051,26.02,-51.19
9.056,26.02,-51.19
9.061,26.11,-90.31
9.066,26.11,-55.15
9.071,26.11,-55.16
9.076,26.11,-55.16
9.081,26.11,-55.17
9.086,26.11,-55.17
9.091,26.11,-55.18
9.096,26.11,-55.19
9.101,26.11,-55.19
9.106,26.11,-55.20
9.111,26.11,-55.20
9.116,26.11,-55.21
9.121,26.02,83.91
9.126,26.02,-51.25
9.131,26.02,-51.25
9.136,26.02,-51.25
9.141,26.02,-51.26
9.146,26.02,-51.26
9.151,26.02,-51.26
9.156,26.02,-51.26
9.161,26.11,-90.38
9.166,26.11,-55.22
9.171,26.11,-55.23
9.176,26.11,-55.24
9.181,26.11,-55.24
9.186,26.11,-55.25
9.191,26.11,-55.25
9.195,26.11,-55.26
9.200,26.11,-55.26
9.206,26.02,83.85
9.211,26.02,-51.31
9.216,26.02,-51.31
9.221,26.02,-51.31
9.226,26.02,-51.31
9.231,26.02,-51.31
9.236,26.02,-51.31
9.241,26.02,-51.31
9.246,26.02,-51.31
9.251,26.02,-51.32
9.256,26.02,-51.32
9.261,26.02,-51.32
9.266,26.02,-51.32
9.271,26.02,-51.32
9.276,26.11,-90.44
9.281,26.11,-55.29
9.286,26.11,-55.29
9.291,26.11,-55.30
9.296,26.11,-55.30
9.301,26.02,83.81
9.306,26.02,-51.35
9.311,26.02,-51.35
9.316,26.02,-51.35
9.321,26.02,-51.35
9.326,26.02,-51.35
9.331,26.02,-51.35
9.336,26.02,-51.35
9.340,26.02,-51.35
9.346,26.02,-51.35
9.351,26.02,-51.36
9.356,26.02,-51.36
9.361,26.02,-51.36
9.366,26.02,-51.36
9.371,26.02,-51.36
9.376,26.02,-51.36
9.380,26.02,-51.36
9.388,26.02,-51.36
9.391,26.02,-51.36
9.396,26.11,-90.48
9.401,26.02,83.79
9.406,26.02,-51.37
9.411,26.02,-51.37
9.416,26.02,-51.37
9.421,26.02,-51.37
9.426,26.02,-51.37
9.430,26.02,-51.37
9.436,26.02,-51.38
9.440,26.02,-51.38
9.445,26.02,-51.38
9.450,26.02,-51.38
9.456,26.02,-51.38
9.461,26.02,-51.38
9.466,26.11,-90.50
9.471,26.11,-55.35
9.476,26.11,-55.35
9.481,26.11,-55.36
9.486,26.02,83.76
9.491,26.11,-90.52
9.496,26.02,83.75
9.501,26.02,-51.41
9.506,26.02,-51.41
9.510,26.02,-51.41
9.516,26.11,-90.53
9.521,26.11,-55.38
9.526,26.11,-55.38
9.531,26.19,-94.51
9.536,26.19,-59.36
9.541,26.19,-59.37
9.546,26.11,79.74
9.551,26.19,-94.54
9.556,26.19,-59.39
9.561,26.19,-59.40
9.566,26.19,-59.41
9.571,26.19,-59.42
9.576,26.19,-59.43
9.581,26.19,-59.44
9.586,26.19,-59.45
9.591,26.19,-59.46
9.596,26.19,-59.47
9.601,26.19,-59.48
9.606,26.19,-59.49
9.611,26.19,-59.50
9.616,26.19,-59.51
9.621,26.19,-59.52
9.626,26.19,-59.53
9.631,26.19,-59.54
9.636,26.19,-59.55
9.641,26.19,-59.56
9.646,26.19,-59.57
9.651,26.19,-59.58
9.656,26.19,-59.59
9.661,26.19,-59.60
9.666,26.19,-59.61
9.671,26.19,-59.62
9.676,26.19,-59.63
9.681,26.19,-59.64
9.686,26.19,-59.64
9.691,26.11,79.47
9.696,26.11,-55.70
9.701,26.11,-55.71
9.706,26.11,-55.71
9.711,26.11,-55.72
9.716,26.11,-55.72
9.721,26.11,-55.73
9.726,26.11,-55.73
9.731,26.11,-55.74
9.736,26.11,-55.74
9.741,26.11,-55.75
9.746,26.11,-55.75
9.751,26.02,83.36
9.756,26.02,-51.80
9.761,26.02,-51.80
9.766,26.02,-51.80
9.771,26.02,-51.80
9.776,26.02,-51.80
9.781,26.02,-51.80
9.786,26.02,-51.81
9.791,26.02,-51.81
9.796,26.02,-51.81
9.801,26.02,-51.81
9.806,26.02,-51.81
9.811,26.02,-51.81
9.816,26.02,-51.81
9.821,26.02,-51.81
9.826,26.02,-51.81
9.831,26.02,-51.81
9.836,26.02,-51.81
9.841,25.93,87.30
9.846,25.93,52.15
9.851,25.93,52.15
9.855,25.93,52.16
9.861,25.93,52.16
9.866,26.02,-86.96
9.871,26.02,-51.80
9.876,26.11,-90.92
9.881,26.11,-55.76
9.886,26.28,-134.01
9.891,26.28,-63.70
9.896,26.37,-102.84
9.901,26.46,-106.82
9.906,26.55,-110.80
9.911,26.63,-114.79
9.916,26.72,-118.78
9.921,26.90,-161.89
9.926,26.99,-130.74
9.931,27.07,-134.75
9.936,27.16,-138.76
9.941,27.25,-142.78
9.946,27.34,-146.80
9.951,27.42,-150.83
9.956,27.42,-115.74
9.961,27.51,-154.93
9.966,27.60,-158.97
9.971,27.69,-163.01
9.976,27.69,-127.93
9.981,27.78,-167.13
9.986,27.78,-132.06
9.991,27.86,-171.27
9.996,27.86,-136.21
10.001,27.86,-136.30
10.006,27.86,-136.39
10.011,27.95,-175.61
10.016,27.95,-140.54
10.021,27.95,-140.64
10.026,27.95,-140.74
10.031,27.95,-140.84
10.036,27.95,-140.93
10.041,27.95,-141.03
10.046,27.86,-102.01
10.051,27.86,-137.26
10.056,27.86,-137.36
10.061,27.86,-137.45
10.066,27.78,-98.42
10.071,27.78,-133.67
10.076,27.69,-94.64
10.081,27.69,-129.88
10.086,27.69,-129.97
10.091,27.60,-90.93
10.096,27.60,-126.17
10.101,27.51,-87.13
10.106,27.42,-83.25
10.111,27.42,-118.48
10.116,27.34,-79.43
10.121,27.34,-114.66
10.126,27.25,-75.61
10.131,27.16,-71.71
10.136,27.07,-67.81
10.141,27.07,-103.02
10.146,26.99,-63.95
10.151,26.90,-60.04
10.156,26.90,-95.25
10.161,26.72,82.95
10.166,26.72,-87.41
10.171,26.63,51.68
10.176,26.55,55.60
10.181,26.46,59.54
10.186,26.37,63.47
10.191,26.37,-71.71
10.196,26.37,-71.72
10.201,26.37,-71.74
10.206,26.28,67.36
10.211,26.28,-67.82
10.216,26.28,-67.83
10.221,26.19,71.28
10.226,26.19,-63.89
10.231,26.19,-63.90
10.236,26.19,-63.91
10.241,26.19,-63.92
10.246,26.11,75.19
10.251,26.11,-59.98
10.256,26.11,-59.98
10.261,26.11,-59.99
10.266,26.11,-59.99
10.271,26.11,-60.00
10.276,26.11,-60.00
10.281,26.11,-60.01
10.286,26.11,-60.01
10.291,26.11,-60.02
10.296,26.11,-60.03
10.301,26.11,-60.03
10.306,26.11,-60.04
10.311,26.11,-60.04
10.316,26.11,-60.05
10.321,26.11,-60.05
10.326,26.11,-60.06
10.331,26.11,-60.06
10.336,26.11,-60.07
10.341,26.11,-60.07
10.346,26.11,-60.08
10.351,26.11,-60.08
10.356,26.19,-99.21
10.361,26.19,-64.06
10.366,26.11,75.05
10.371,26.11,-60.11
10.376,26.11,-60.12
10.381,26.11,-60.12
10.386,26.11,-60.13
10.391,26.11,-60.14
10.396,26.11,-60.14
10.401,26.19,-99.27
10.406,26.19,-64.12
10.411,26.19,-64.12
10.416,26.19,-64.13
10.420,26.19,-64.14
10.425,26.19,-64.15
10.430,26.19,-64.16
10.435,26.19,-64.17
10.440,26.19,-64.18
10.446,26.19,-64.19
10.451,26.19,-64.20
10.456,26.19,-64.21
10.461,26.19,-64.22
10.466,26.19,-64.23
10.471,26.19,-64.24
10.476,26.19,-64.25
10.481,26.11,74.86
10.486,26.11,-60.31
10.491,26.11,-60.31
10.496,26.11,-60.32
10.501,26.11,-60.32
10.506,26.11,-60.33
10.511,26.11,-60.33
10.516,26.02,78.78
10.521,26.02,-56.38
10.526,26.02,-56.38
10.531,26.11,-95.50
10.536,26.11,-60.35
10.541,26.11,-60.35
10.546,26.11,-60.36
10.551,26.11,-60.36
10.556,26.11,-60.37
10.561,26.11,-60.37
10.566,26.11,-60.38
10.571,26.11,-60.38
10.576,26.11,-60.39
10.581,26.11,-60.39
10.586,26.11,-60.40
10.591,26.11,-60.40
10.596,26.19,-99.53
10.601,26.19,-64.38
10.606,26.19,-64.39
10.611,26.28,-103.52
10.616,26.37,-107.49
10.621,26.46,-111.47
10.626,26.63,-154.57
10.631,26.63,-84.29
10.636,26.72,-123.44
10.641,26.81,-127.43
10.646,26.90,-131.43
10.651,26.99,-135.44
10.656,27.07,-139.45
10.661,27.16,-143.46
10.666,27.16,-108.36
10.671,27.25,-147.54
10.676,27.34,-151.56
10.681,27.42,-155.59
10.686,27.42,-120.50
10.691,27.42,-120.57
10.696,27.51,-159.76
10.701,27.51,-124.68
10.706,27.60,-163.87
10.711,27.60,-128.79
10.716,27.60,-128.87
10.721,27.69,-168.07
10.726,27.69,-133.00
10.731,27.69,-133.08
10.736,27.69,-133.16
10.741,27.69,-133.25
10.746,27.69,-133.33
10.751,27.69,-133.42
10.756,27.69,-133.50
10.761,27.69,-133.59
10.766,27.69,-133.67
10.771,27.69,-133.76
10.776,27.69,-133.84
10.781,27.60,-94.80
10.786,27.60,-130.04
10.791,27.51,-91.00
10.796,27.51,-126.24
10.801,27.42,-87.20
10.806,27.42,-122.43
10.811,27.42,-122.50
10.816,27.34,-83.45
10.821,27.34,-118.68
10.826,27.25,-79.62
10.831,27.25,-114.85
10.836,27.16,-75.79
10.841,27.16,-111.01
10.846,27.07,-71.94
10.851,27.07,-107.16
10.856,26.99,-68.09
10.861,26.99,-103.30
10.866,26.90,-64.23
10.871,26.90,-99.44
10.876,26.90,-99.48
10.881,26.81,-60.41
10.886,26.81,-95.61
10.891,26.72,-56.53
10.896,26.72,-91.72
10.901,26.72,-91.76
10.906,26.72,-91.79
10.911,26.63,-52.71
10.916,26.63,-87.90
10.921,26.63,-87.93
10.926,26.55,51.15
10.931,26.55,-84.03
10.936,26.46,55.06
10.941,26.46,-80.12
10.946,26.46,-80.15
10.951,26.37,58.95
10.956,26.37,-76.23
10.961,26.37,-76.25
10.966,26.37,-76.27
10.971,26.37,-76.28
10.976,26.28,62.82
10.981,26.28,-72.36
10.986,26.28,-72.37
10.991,26.28,-72.38
10.996,26.28,-72.40
11.001,26.28,-72.41
11.006,26.19,66.69
11.011,26.19,-68.48
11.016,26.19,-68.49
11.021,26.19,-68.50
11.026,26.19,-68.51
11.031,26.19,-68.52
11.036,26.19,-68.53
11.041,26.19,-68.53
11.046,26.19,-68.54
11.051,26.19,-68.55
11.056,26.19,-68.56
11.061,26.19,-68.57
11.066,26.11,70.54
11.071,26.11,-64.63
11.076,26.11,-64.63
11.081,26.11,-64.64
11.086,26.11,-64.64
11.091,26.11,-64.65
11.096,26.19,-103.78
11.101,26.19,-68.62
11.106,26.19,-68.63
11.111,26.19,-68.64
11.116,26.19,-68.65
11.121,26.19,-68.66
11.126,26.19,-68.67
11.131,26.19,-68.68
11.136,26.28,-107.81
11.141,26.28,-72.67
11.146,26.28,-72.68
11.151,26.28,-72.70
11.156,26.37,-111.83
11.161,26.37,-76.69
11.166,26.37,-76.71
11.171,26.37,-76.72
11.176,26.37,-76.74
11.181,26.28,62.36
11.186,26.28,-72.82
11.191,26.19,66.29
11.196,26.19,-68.88
11.201,26.19,-68.89
11.206,26.11,70.22
11.211,26.11,-64.94
11.216,26.11,-64.95
11.221,26.02,74.16
11.226,26.02,-61.00
11.231,26.02,-61.00
11.236,25.93,78.12
11.241,25.93,-57.03
11.246,25.93,-57.03
11.251,25.84,82.09
11.256,25.93,-92.18
11.261,25.84,82.10
11.266,25.84,-53.05
11.271,25.84,-53.04
11.276,25.84,-53.03
11.281,25.84,-53.03
11.286,25.84,-53.02
11.291,25.93,-92.13
11.296,25.84,82.15
11.301,25.84,-53.00
11.306,25.93,-92.11
11.311,25.84,82.17
11.316,25.93,-92.10
11.321,25.93,-56.94
11.326,25.93,-56.93
11.331,25.93,-56.93
11.336,25.93,-56.92
11.341,26.02,-96.04
11.346,26.02,-60.88
11.351,26.02,-60.88
11.356,26.02,-60.88
11.361,26.02,-60.88
11.366,26.11,-100.01
11.371,26.11,-64.85
11.376,26.11,-64.86
11.381,26.11,-64.86
11.386,26.19,-103.99
11.391,26.19,-68.84
11.396,26.19,-68.85
11.401,26.19,-68.86
11.406,26.19,-68.87
11.411,26.19,-68.88
11.416,26.28,-108.00
11.421,26.28,-72.86
11.426,26.28,-72.87
11.431,26.28,-72.89
11.436,26.28,-72.90
11.441,26.37,-112.04
11.446,26.37,-76.89
11.451,26.37,-76.91
11.456,26.37,-76.93
11.461,26.37,-76.95
11.466,26.37,-76.97
11.471,26.37,-76.99
11.476,26.37,-77.00
11.481,26.37,-77.02
11.486,26.37,-77.04
11.491,26.37,-77.06
11.496,26.37,-77.08
11.501,26.37,-77.10
11.506,26.37,-77.12
11.511,26.37,-77.13
11.516,26.37,-77.15
11.521,26.37,-77.17
11.526,26.37,-77.19
11.531,26.37,-77.21
11.536,26.37,-77.23
11.541,26.37,-77.25
11.546,26.37,-77.26
11.551,26.28,61.84
11.556,26.28,-73.34
11.561,26.28,-73.35
11.566,26.28,-73.36
11.571,26.28,-73.38
11.576,26.19,65.73
11.581,26.19,-69.44
11.586,26.19,-69.45
11.591,26.19,-69.46
11.596,26.19,-69.47
11.601,26.19,-69.48
11.606,26.19,-69.49
11.611,26.19,-69.50
11.616,26.19,-69.51
11.621,26.11,69.60
11.626,26.11,-65.57
11.632,26.11,-65.57
11.636,26.11,-65.58
11.641,26.11,-65.58
11.646,26.11,-65.59
11.651,26.11,-65.59
11.656,26.11,-65.60
11.661,26.11,-65.60
11.666,26.11,-65.61
11.671,26.19,-104.73
11.676,26.19,-69.58
11.681,26.19,-69.59
11.686,26.19,-69.60
11.691,26.19,-69.61
11.696,26.19,-69.62
11.701,26.19,-69.63
11.706,26.19,-69.64
11.711,26.19,-69.65
11.716,26.19,-69.66
11.721,26.19,-69.67
11.726,26.19,-69.68
11.731,26.19,-69.69
11.736,26.19,-69.70
11.741,26.19,-69.71
11.746,26.19,-69.72
11.751,26.19,-69.73
11.756,26.28,-108.86
11.761,26.19,65.41
11.766,26.28,-108.88
11.771,26.19,65.38
11.776,26.19,-69.79
11.781,26.28,-108.92
11.786,26.19,65.35
11.790,26.19,-69.82
11.796,26.28,-108.95
11.801,26.28,-73.80
11.805,26.28,-73.82
11.811,26.28,-73.83
11.816,26.37,-112.97
11.821,26.37,-77.82
11.825,26.37,-77.84
11.830,26.37,-77.86
11.836,26.37,-77.88
11.840,26.28,61.22
11.846,26.28,-73.95
11.851,26.28,-73.97
11.856,26.28,-73.98
11.861,26.28,-73.99
11.866,26.28,-74.01
11.871,26.28,-74.02
11.876,26.28,-74.04
11.881,26.28,-74.05
11.886,26.28,-74.07
11.891,26.28,-74.08
11.896,26.28,-74.09
11.901,26.19,65.01
11.906,26.28,-109.28
11.911,26.19,64.99
11.916,26.19,-70.18
11.921,26.19,-70.19
11.926,26.19,-70.20
11.931,26.19,-70.21
11.936,26.19,-70.22
11.941,26.19,-70.23
11.946,26.19,-70.24
11.951,26.19,-70.25
11.956,26.19,-70.26
11.961,26.19,-70.27
11.966,26.19,-70.28
11.971,26.11,68.83
11.976,26.11,-66.33
11.981,26.02,72.78
11.986,25.93,76.74
11.991,25.93,-58.42
11.996,25.75,119.83
12.001,25.75,-50.48
12.006,25.75,-50.47
12.011,25.75,-50.46
12.016,25.67,88.68
12.021,25.58,92.65
12.026,25.58,57.51
12.031,25.58,57.53
12.036,25.58,57.56
12.041,25.58,57.58
12.046,25.58,57.60
12.051,25.58,57.62
12.056,25.58,57.64
12.061,25.58,57.66
12.066,25.67,-81.44
12.071,25.67,53.74
12.076,25.67,53.76
12.081,25.75,-85.35
12.086,25.75,-50.18
12.091,25.84,-89.28
12.096,25.84,-54.12
12.101,25.93,-93.23
12.106,25.93,-58.06
12.111,25.93,-58.06
12.116,26.02,-97.18
12.121,26.02,-62.02
12.126,26.11,-101.14
12.131,26.11,-65.98
12.136,26.11,-65.99
12.141,26.11,-65.99
12.146,26.19,-105.12
12.151,26.19,-69.97
12.156,26.19,-69.98
12.161,26.19,-69.99
12.166,26.19,-70.00
12.171,26.19,-70.01
12.176,26.19,-70.02
12.181,26.28,-109.15
12.186,26.28,-74.00
12.191,26.28,-74.02
12.196,26.28,-74.03
12.201,26.28,-74.04
12.206,26.28,-74.06
12.211,26.28,-74.07
12.216,26.28,-74.09
12.221,26.28,-74.10
12.226,26.19,65.01
12.231,26.19,-70.16
12.236,26.19,-70.17
12.241,26.19,-70.18
12.246,26.19,-70.19
12.251,26.19,-70.20
12.256,26.19,-70.21
12.261,26.19,-70.22
12.266,26.19,-70.23
12.271,26.19,-70.24
12.276,26.19,-70.25
12.281,26.19,-70.26
12.286,26.11,68.85
12.291,26.11,-66.32
12.296,26.11,-66.32
12.301,26.11,-66.33
12.306,26.11,-66.33
12.311,26.11,-66.34
12.316,26.11,-66.34
12.321,26.11,-66.35
12.326,26.11,-66.35
12.331,26.02,72.76
12.336,26.02,-62.40
12.341,25.93,76.72
12.346,25.93,-58.44
12.351,25.84,80.69
12.356,25.75,84.65
12.361,25.75,-50.49
12.366,25.75,-50.48
12.371,25.67,88.65
12.376,25.67,53.51
12.381,25.58,92.64
12.386,25.58,57.50
12.391,25.58,57.53
12.396,25.58,57.55
12.401,25.58,57.57
12.406,25.58,57.59
12.411,25.58,57.61
12.416,25.58,57.63
12.421,25.58,57.65
12.426,25.67,-81.45
12.431,25.67,53.73
12.436,25.75,-85.37
12.441,25.75,-50.20
12.446,25.75,-50.19
12.451,25.84,-89.30
12.456,25.84,-54.13
12.461,25.84,-54.12
12.466,25.93,-93.23
12.471,25.93,-58.07
12.476,26.02,-97.19
12.481,26.02,-62.03
12.485,26.02,-62.03
12.491,26.11,-101.15
12.496,26.11,-65.99
12.501,26.11,-66.00
12.506,26.11,-66.00
12.511,26.11,-66.01
12.516,26.11,-66.02
12.521,26.11,-66.02
12.526,26.19,-105.15
12.531,26.19,-70.00
12.536,26.19,-70.01
12.541,26.19,-70.02
12.546,26.19,-70.02
12.551,26.19,-70.03
12.556,26.19,-70.04
12.561,26.19,-70.05
12.566,26.19,-70.06
12.571,26.19,-70.07
12.576,26.19,-70.08
12.581,26.19,-70.09
12.586,26.19,-70.10
12.591,26.19,-70.11
12.596,26.11,69.00
12.601,26.19,-105.29
12.606,26.11,68.98
12.611,26.11,-66.18
12.616,26.11,-66.19
12.621,26.11,-66.19
12.626,26.11,-66.20
12.631,26.11,-66.20
12.636,26.11,-66.21
12.641,26.11,-66.21
12.646,26.11,-66.22
12.651,26.02,72.90
12.656,26.02,-62.27
12.661,26.02,-62.27
12.666,26.02,-62.27
12.671,26.02,-62.27
12.676,26.02,-62.27
12.681,26.02,-62.27
12.686,25.93,76.85
12.691,25.93,-58.31
12.696,25.93,-58.30
12.701,25.93,-58.30
12.706,25.93,-58.30
12.711,25.93,-58.29
12.716,25.84,80.83
12.721,25.84,-54.32
12.722,25.84,-54.31
12.731,25.84,-54.31
12.736,25.84,-54.30
12.741,25.84,-54.29
12.746,25.84,-54.28
12.751,25.84,-54.28
12.756,25.84,-54.27
12.761,25.84,-54.26
12.766,25.84,-54.25
12.771,25.84,-54.24
12.776,25.84,-54.24
12.781,25.84,-54.23
12.786,25.75,84.90
12.791,25.75,-50.25
12.796,25.75,-50.24
12.801,25.75,-50.22
12.806,25.75,-50.21
12.811,25.75,-50.20
12.816,25.75,-50.19
12.821,25.75,-50.17
12.826,25.75,-50.16
12.831,25.75,-50.15
12.836,25.75,-50.14
12.841,25.75,-50.13
12.846,25.84,-89.23
12.851,25.75,85.05
12.856,25.75,-50.09
12.861,25.75,-50.08
12.866,25.75,-50.07
12.871,25.75,-50.06
12.876,25.75,-50.04
12.881,25.75,-50.03
12.886,25.75,-50.02
12.891,25.75,-50.01
12.895,25.75,50.00
12.901,25.84,-89.10
12.906,25.75,85.18
12.911,25.84,-89.08
12.916,25.84,-53.91
12.921,25.84,-53.91
12.926,25.84,-53.90
12.931,25.84,-53.89
12.936,25.84,-53.88
12.941,25.84,-53.88
12.946,25.84,-53.87
12.951,25.84,-53.86
12.956,25.84,-53.85
12.961,25.93,-92.96
12.966,25.93,-57.80
12.971,25.93,-57.80
12.976,25.93,-57.79
12.981,25.93,-57.79
12.986,25.93,-57.79
12.991,25.93,-57.78
12.996,25.93,-57.78
13.001,25.93,-57.78
13.006,25.93,-57.77
13.011,25.93,-57.77
13.016,25.93,-57.77
13.021,25.93,-57.76
13.026,25.93,-57.76
13.031,25.93,-57.76
13.036,25.93,-57.75
13.041,25.93,-57.75
13.046,25.93,-57.74
13.051,25.93,-57.74
13.056,25.93,-57.74
13.061,25.93,-57.73
13.066,25.93,-57.73
13.071,25.93,-57.73
13.076,25.93,-57.72
13.081,25.93,-57.72
13.086,25.93,-57.72
13.091,25.93,-57.71
13.095,25.84,81.41
13.101,25.84,-53.74
13.106,25.84,-53.73
13.111,25.84,-53.73
13.116,25.84,-53.72
13.121,25.84,-53.71
13.126,25.84,-53.70
13.131,25.84,-53.70
13.136,25.84,-53.69
13.141,25.84,-53.68
13.146,25.84,-53.67
13.151,25.84,-53.66
13.156,25.84,-53.66
13.161,25.84,-53.65
13.166,25.84,-53.64
13.171,25.84,-53.63
13.176,25.84,-53.62
13.181,25.84,-53.62
13.186,25.84,-53.61
13.191,25.84,-53.60
13.196,25.84,-53.59
13.201,25.84,-53.58
13.205,25.75,85.54
13.211,25.75,50.40
13.216,25.75,50.41
13.220,25.75,50.42
13.226,25.75,50.43
13.231,25.75,50.44
13.236,25.84,-88.66
13.241,25.84,-53.50
13.246,25.84,-53.49
13.251,25.93,-92.60
13.256,25.93,-57.44
13.261,25.93,-57.43
13.266,25.93,-57.43
13.271,26.02,-96.55
13.276,26.02,-61.39
13.281,26.02,-61.39
13.286,26.02,-61.39
13.291,26.02,-61.39
13.296,26.02,-61.39
13.301,26.02,-61.39
13.306,26.02,-61.39
13.311,26.02,-61.39
13.316,26.02,-61.39
13.321,26.02,-61.39
13.326,26.11,-100.52
13.331,26.02,73.76
13.336,26.02,-61.40
13.341,26.02,-61.40
13.346,26.02,-61.40
13.351,26.02,-61.40
13.356,26.02,-61.41
13.361,26.02,-61.41
13.366,26.02,-61.41
13.371,26.02,-61.41
13.376,26.02,-61.41
13.381,26.02,-61.41
13.386,26.02,-61.41
13.391,26.02,-61.41
13.396,26.02,-61.41
13.401,26.02,-61.41
13.406,26.02,-61.41
13.411,25.93,77.70
13.416,25.93,-57.45
13.421,25.93,-57.45
13.426,25.93,-57.45
13.431,25.93,-57.44
13.436,25.93,-57.44
13.441,25.93,-57.44
13.446,25.84,81.69
13.451,25.84,-53.46
13.456,25.84,-53.46
13.461,25.84,-53.45
13.466,25.84,-53.44
13.471,25.84,-53.43
13.476,25.84,-53.42
13.481,25.84,-53.42
13.486,25.84,-53.41
13.491,25.75,85.72
13.496,25.75,50.57
13.501,25.75,50.58
13.506,25.75,50.60
13.511,25.75,50.61
13.516,25.84,-88.50
13.521,25.84,-53.33
13.527,25.84,-53.32
13.531,25.84,-53.32
13.536,25.84,-53.31
13.541,25.93,-92.42
13.546,25.93,-57.26
13.551,25.93,-57.25
13.556,25.93,-57.25
13.561,26.02,-96.37
13.566,26.02,-61.21
13.571,26.02,-61.21
13.576,26.02,-61.21
13.581,26.02,-61.21
13.586,26.02,-61.21
13.591,26.02,-61.21
13.596,26.02,-61.21
13.601,26.02,-61.21
13.606,26.02,-61.21
13.611,26.02,-61.22
13.616,26.02,-61.22
13.621,26.02,-61.22
13.626,26.02,-61.22
13.631,26.02,-61.22
13.636,26.02,-61.22
13.641,26.02,-61.22
13.646,26.02,-61.22
13.651,26.02,-61.22
13.656,26.02,-61.22
13.661,26.02,-61.22
13.666,26.02,-61.23
13.671,26.02,-61.23
13.676,26.02,-61.23
13.681,26.02,-61.23
13.686,26.02,-61.23
13.691,26.02,-61.23
13.696,25.93,77.89
13.701,25.93,-57.27
13.706,25.93,-57.26
13.711,25.93,-57.26
13.716,25.93,-57.26
13.721,25.93,-57.25
13.726,25.93,-57.25
13.731,25.93,-57.25
13.736,25.93,-57.24
13.741,25.93,-57.24
13.746,25.84,81.88
13.751,25.84,-53.27
13.756,25.84,-53.26
13.761,25.84,-53.25
13.765,25.84,-53.24
13.771,25.84,-53.24
13.776,25.84,-53.23
13.781,25.84,-53.22
13.786,25.84,-53.21
13.791,25.84,-53.21
13.796,25.84,-53.20
13.801,25.84,-53.19
13.806,25.84,-53.18
13.811,25.84,-53.17
13.816,25.84,-53.17
13.821,25.84,-53.16
13.826,25.84,-53.15
13.831,25.84,-53.14
13.836,25.84,-53.13
13.841,25.84,-53.13
13.846,25.75,86.00
13.851,25.75,50.85
13.856,25.75,50.87
13.861,25.75,50.88
13.866,25.75,50.89
13.871,25.75,50.90
13.876,25.75,50.91
13.881,25.84,-88.19
13.886,25.84,-53.03
13.891,25.84,-53.02
13.896,25.84,-53.01
13.901,25.93,-92.12
13.906,25.93,-56.96
13.911,25.93,-56.95
13.917,26.02,-96.07
13.920,26.02,-60.91
13.926,26.02,-60.91
13.931,26.02,-60.91
13.936,26.02,-60.91
13.941,26.02,-60.92
13.946,26.02,-60.92
13.951,26.02,-60.92
13.956,26.02,-60.92
13.961,26.02,-60.92
13.966,26.02,-60.92
13.971,26.02,-60.92
13.976,26.02,-60.92
13.981,26.02,-60.92
13.986,26.02,-60.92
13.991,26.02,-60.92
13.996,26.02,-60.93
14.001,26.02,-60.93
14.006,26.02,-60.93
14.011,26.02,-60.93
14.016,26.02,-60.93
14.021,26.02,-60.93
14.026,26.02,-60.93
14.031,26.02,-60.93
14.035,25.93,78.19
14.041,25.93,-56.97
14.046,25.93,-56.97
14.051,25.93,-56.96
14.056,25.93,-56.96
14.061,25.93,-56.96
14.066,25.93,-56.95
14.071,25.84,82.17
14.076,25.84,-52.98
14.081,25.84,-52.97
14.085,25.84,-52.97
14.091,25.84,-52.96
14.096,25.84,-52.95
14.101,25.84,-52.94
14.106,25.84,-52.93
14.111,25.84,-52.93
14.116,25.84,-52.92
14.121,25.84,-52.91
14.126,25.75,86.22
14.131,25.75,51.07
14.136,25.75,51.08
14.141,25.75,51.09
14.146,25.75,51.11
14.151,25.75,51.12
14.156,25.75,51.13
14.161,25.84,-87.98
14.166,25.84,-52.81
14.171,25.84,-52.80
14.176,25.93,-91.91
14.181,25.93,-56.75
14.186,26.02,-95.87
14.191,26.02,-60.71
14.196,26.02,-60.71
14.201,26.02,-60.71
14.206,26.02,-60.71
14.211,26.11,-99.83
14.216,26.11,-64.68
14.221,26.11,-64.68
14.226,26.11,-64.69
14.231,26.11,-64.69
14.236,26.11,-64.70
14.241,26.11,-64.70
14.246,26.11,-64.71
14.251,26.11,-64.71
14.256,26.11,-64.72
14.261,26.11,-64.72
14.266,26.11,-64.73
14.271,26.19,-103.85
14.276,26.19,-68.70
14.281,26.19,-68.71
14.286,26.11,70.40
14.291,26.11,-64.77
14.296,26.11,-64.77
14.301,26.11,-64.78
14.306,26.11,-64.78
14.311,26.11,-64.79
14.316,26.11,-64.80
14.321,26.11,-64.80
14.326,26.11,-64.81
14.331,26.11,-64.81
14.336,26.11,-64.82
14.341,26.11,-64.82
14.346,26.11,-64.83
14.351,26.11,-64.83
14.356,26.11,-64.84
14.361,26.11,-64.84
14.366,26.02,74.27
14.371,26.02,-60.89
14.376,26.02,-60.89
14.381,26.02,-60.89
14.386,26.02,-60.89
14.391,26.02,-60.89
14.396,26.02,-60.89
14.401,26.02,-60.89
14.406,25.93,78.22
14.411,25.93,-56.93
14.416,25.93,-56.93
14.421,25.93,-56.93
14.426,25.93,-56.92
14.431,25.93,-56.92
14.436,25.93,-56.92
14.441,25.93,-56.91
14.446,25.93,-56.91
14.451,25.93,-56.90
14.456,25.93,-56.90
14.461,25.93,-56.90
14.466,25.93,-56.89
14.471,25.84,82.23
14.476,25.84,-52.92
14.481,25.84,-52.92
14.486,25.84,-52.91
14.491,25.84,-52.90
14.496,25.84,-52.89
14.501,25.75,86.24
14.506,25.75,51.09
14.510,25.75,51.10
14.515,25.75,51.11
14.520,25.75,51.13
14.526,25.84,-87.98
14.530,25.84,-52.81
14.536,25.84,-52.81
14.541,25.84,-52.80
14.546,25.93,-91.91
14.551,25.93,-56.75
14.556,25.93,-56.74
14.561,25.93,-56.74
14.566,25.93,-56.74
14.571,25.93,-56.73
14.576,26.02,-95.85
14.581,26.02,-60.69
14.586,26.02,-60.69
14.591,26.02,-60.69
14.596,26.02,-60.69
14.601,26.02,-60.69
14.606,26.02,-60.70
14.611,26.02,-60.70
14.616,26.02,-60.70
14.621,26.02,-60.70
14.626,26.02,-60.70
14.631,26.02,-60.70
14.636,26.02,-60.70
14.641,26.02,-60.70
14.646,26.02,-60.70
14.651,26.02,-60.70
14.656,25.93,78.42
14.661,25.93,-56.74
14.666,25.93,-56.74
14.671,25.93,-56.73
14.676,25.93,-56.73
14.681,25.93,-56.73
14.686,25.93,-56.72
14.691,25.93,-56.72
14.696,25.84,82.40
14.701,25.84,-52.75
14.706,25.84,-52.74
14.711,25.84,-52.73
14.716,25.84,-52.73
14.721,25.84,-52.72
14.726,25.84,-52.71
14.731,25.84,-52.70
14.735,25.84,-52.69
14.741,25.84,-52.69
14.746,25.84,-52.68
14.751,25.93,-91.79
14.755,25.84,82.49
14.761,25.93,-91.78
14.765,25.84,82.50
14.771,25.84,-52.65
14.776,25.84,-52.64
14.781,25.84,-52.63
14.786,25.84,-52.62
14.791,25.84,-52.62
14.796,25.84,-52.61
14.801,25.93,-91.72
14.806,25.93,-56.56
14.811,25.93,-56.55
14.816,25.93,-56.55
14.821,25.93,-56.55
14.826,25.93,-56.54
14.831,25.93,-56.54
14.836,25.93,-56.54
14.841,25.93,-56.53
14.846,25.93,-56.53
14.851,25.93,-56.53
14.856,25.93,-56.52
14.861,25.93,-56.52
14.866,25.93,-56.52
14.871,25.93,-56.51
14.876,25.93,-56.51
14.881,25.93,-56.50
14.886,25.93,-56.50
14.891,25.93,-56.50
14.896,25.93,-56.49
14.901,25.93,-56.49
14.906,25.93,-56.49
14.911,25.93,-56.48
14.916,25.93,-56.48
14.921,25.93,-56.48
14.926,25.93,-56.47
14.931,25.93,-56.47
14.936,25.93,-56.47
14.941,25.93,-56.46
14.946,25.93,-56.46
14.951,25.93,-56.46
14.952,25.93,-56.45
14.961,25.93,-56.45
14.966,25.84,82.67
14.971,25.84,-52.48
14.976,25.84,-52.47
14.981,25.84,-52.46
14.986,25.84,-52.45
14.991,25.84,-52.45
14.996,25.84,-52.44
15.001,25.84,-52.43
15.006,25.84,-52.42
15.011,25.84,-52.41
15.016,25.84,-52.41
15.021,25.84,-52.40
15.026,25.84,-52.39
15.031,25.84,-52.38
15.036,25.84,-52.38
15.041,25.84,-52.37
15.046,25.84,-52.36
15.051,25.84,-52.35
15.056,25.75,86.78
15.061,25.75,51.63
15.066,25.75,51.64
15.071,25.75,51.65
15.076,25.75,51.66
15.081,25.84,-87.44
15.086,25.84,-52.27
15.091,25.93,-91.39
15.096,25.93,-56.22
15.101,25.93,-56.22
15.106,25.93,-56.22
15.111,25.93,-56.21
15.116,25.93,-56.21
15.121,25.93,-56.21
15.126,26.02,-95.32
15.131,26.02,-60.16
15.136,26.02,-60.16
15.141,26.02,-60.17
15.146,26.02,-60.17
15.151,26.11,-99.29
15.156,26.11,-64.13
15.161,26.11,-64.14
15.166,26.11,-64.14
15.171,26.11,-64.15
15.176,26.02,74.97
15.181,26.11,-99.31
15.186,26.02,74.96
15.191,26.02,-60.20
15.196,26.02,-60.20
15.201,26.02,-60.20
15.206,26.02,-60.20
15.211,26.02,-60.20
15.216,26.02,-60.21
15.221,26.02,-60.21
15.226,26.02,-60.21
15.231,26.02,-60.21
15.236,26.11,-99.33
15.241,26.11,-64.17
15.246,26.11,-64.18
15.251,26.02,74.94
15.256,26.02,-60.23
15.261,26.02,-60.23
15.266,26.02,-60.23
15.271,26.02,-60.23
15.276,26.02,-60.23
15.281,26.02,-60.23
15.286,26.02,-60.23
15.291,26.02,-60.23
15.296,26.02,-60.23
15.301,26.02,-60.23
15.306,26.02,-60.24
15.311,26.02,-60.24
15.316,26.02,-60.24
15.321,26.02,-60.24
15.326,26.02,-60.24
15.331,25.93,78.88
15.336,25.93,-56.28
15.341,25.93,-56.27
15.346,25.93,-56.27
15.351,25.93,-56.27
15.356,25.93,-56.26
15.361,25.93,-56.26
15.366,25.93,-56.26
15.371,25.93,-56.25
15.376,25.93,-56.25
15.381,25.84,82.87
15.386,25.84,-52.28
15.391,25.93,-91.39
15.396,25.84,82.89
15.401,25.84,-52.26
15.406,25.84,-52.25
15.411,25.84,-52.24
15.416,25.84,-52.23
15.421,25.84,-52.23
15.426,25.84,-52.22
15.431,25.93,-91.33
15.436,25.93,-56.17
15.440,25.84,82.96
15.446,25.84,-52.20
15.451,25.93,-91.31
15.456,25.93,-56.14
15.462,25.93,-56.14
15.466,25.93,-56.14
15.471,25.93,-56.13
15.476,25.93,-56.13
15.481,25.93,-56.13
15.486,25.93,-56.12
15.491,25.93,-56.12
15.496,25.93,-56.12
15.501,25.93,-56.11
15.506,25.93,-56.11
15.511,25.93,-56.11
15.517,25.93,-56.10
15.521,25.93,-56.10
15.526,25.93,-56.10
15.531,25.93,-56.09
15.535,25.93,-56.09
15.541,25.93,-56.09
15.546,25.93,-56.08
15.551,25.93,-56.08
15.556,25.93,-56.08
15.561,25.93,-56.07
15.566,25.93,-56.07
15.571,25.93,-56.06
15.576,25.93,-56.06
15.581,25.93,-56.06
15.586,25.93,-56.05
15.591,25.93,-56.05
15.596,25.84,83.07
15.601,25.84,-52.08
15.605,25.84,-52.07
15.611,25.84,-52.06
15.615,25.84,-52.06
15.621,25.84,-52.05
15.626,25.84,-52.04
15.631,25.84,-52.03
15.636,25.84,-52.02
15.641,25.84,-52.02
15.646,25.84,-52.01
15.651,25.84,-52.00
15.656,25.84,-51.99
15.661,25.84,-51.99
15.666,25.84,-51.98
15.671,25.84,-51.97
15.676,25.84,-51.96
15.681,25.84,-51.95
15.686,25.84,-51.95
15.691,25.84,-51.94
15.696,25.84,-51.93
15.701,25.84,-51.92
15.706,25.84,-51.91
15.711,25.84,-51.91
15.720,25.84,-51.90
15.721,25.84,-51.89
15.726,25.84,-51.88
15.731,25.84,-51.87
15.736,25.75,87.25
15.741,25.75,52.11
15.746,25.75,52.12
15.751,25.75,52.13
15.756,25.75,52.14
15.761,25.84,-86.97
15.766,25.84,-51.80
15.771,25.84,-51.79
15.776,25.84,-51.78
15.781,25.93,-90.89
15.786,25.93,-55.73
15.791,25.93,-55.73
15.796,25.93,-55.72
15.801,25.93,-55.72
15.806,25.93,-55.72
15.811,25.93,-55.71
15.816,26.02,-94.83
15.821,26.02,-59.67
15.826,26.02,-59.67
15.831,26.02,-59.67
15.836,26.02,-59.67
15.841,25.93,79.45
15.846,26.02,-94.83
15.851,26.02,-59.67
15.856,26.02,-59.67
15.861,26.11,-98.79
15.866,26.11,-63.64
15.871,26.19,-102.76
15.876,26.28,-106.73
15.881,26.37,-110.71
15.885,26.37,-75.57
15.890,26.46,-114.70
15.896,26.46,-79.57
15.901,26.55,-118.71
15.906,26.63,-122.70
15.911,26.63,-87.57
15.916,26.72,-126.72
15.921,26.72,-91.60
15.926,26.72,-91.63
15.931,26.72,-91.67
15.936,26.72,-91.70
15.941,26.81,-130.86
15.946,26.81,-95.74
15.951,26.90,-134.90
15.956,26.81,-60.67
15.961,26.90,-134.99
15.966,26.90,-99.87
15.971,26.90,-99.92
15.976,26.81,-60.84
15.981,26.81,-96.04
15.986,26.81,-96.08
15.991,26.81,-96.12
15.996,26.81,-96.16
16.001,26.81,-96.20
16.006,26.72,-57.12
16.011,26.72,-92.32
16.016,26.72,-92.36
16.021,26.72,-92.39
16.026,26.72,-92.43
16.031,26.63,-53.35
16.035,26.63,-88.54
16.041,26.63,-88.57
16.046,26.55,50.52
16.051,26.55,-84.67
16.056,26.55,-84.70
16.061,26.55,-84.72
16.068,26.46,54.37
16.071,26.46,-80.81
16.076,26.46,-80.84
16.081,26.37,58.26
16.086,26.37,-76.92
16.091,26.37,-76.94
16.096,26.37,-76.95
16.101,26.37,-76.97
16.106,26.28,62.13
16.111,26.28,-73.05
16.116,26.28,-73.06
16.121,26.28,-73.07
16.126,26.19,66.03
16.131,26.19,-69.14
16.135,26.19,-69.15
16.141,26.19,-69.16
16.146,26.19,-69.17
16.151,26.19,-69.18
16.156,26.19,-69.19
16.161,26.19,-69.20
16.166,26.19,-69.21
16.171,26.11,69.90
16.176,26.11,-65.26
16.181,26.11,-65.27
16.185,26.11,-65.27
16.191,26.11,-65.28
16.196,26.11,-65.28
16.201,26.11,-65.29
16.206,26.11,-65.29
16.211,26.02,73.82
16.215,26.02,-61.34
16.221,26.02,-61.34
16.226,26.02,-61.34
16.231,25.93,77.78
16.236,25.93,-57.38
16.241,25.93,-57.37
16.245,25.93,-57.37
16.251,25.93,-57.37
16.256,25.93,-57.36
16.261,25.93,-57.36
16.266,25.93,-57.36
16.271,25.93,-57.35
16.276,25.93,-57.35
16.281,25.93,-57.35
16.286,25.93,-57.34
16.291,25.93,-57.34
16.296,25.93,-57.34
16.301,25.93,-57.33
16.306,25.93,-57.33
16.311,25.84,81.79
16.316,25.84,-53.36
16.321,25.84,-53.35
16.326,25.84,-53.34
16.331,25.84,-53.33
16.336,25.84,-53.33
16.341,25.84,-53.32
16.346,25.84,-53.31
16.351,25.84,-53.30
16.355,25.75,85.82
16.361,25.84,-88.44
16.366,25.75,85.84
16.371,25.75,50.70
16.376,25.75,50.71
16.381,25.84,-88.40
16.386,25.84,-53.23
16.391,25.84,-53.22
16.396,25.84,-53.21
16.401,25.93,-92.33
16.406,25.93,-57.16
16.411,25.93,-57.16
16.416,26.02,-96.28
16.421,26.02,-61.12
16.426,26.02,-61.12
16.431,26.02,-61.12
16.436,26.02,-61.12
16.441,26.02,-61.12
16.446,26.02,-61.12
16.451,26.02,-61.12
16.456,26.11,-100.24
16.461,26.11,-65.09
16.466,26.11,-65.09
16.471,26.11,-65.10
16.476,26.11,-65.10
16.481,26.11,-65.11
16.486,26.11,-65.12
16.491,26.11,-65.12
16.496,26.11,-65.13
16.501,26.19,-104.25
16.506,26.11,70.02
16.511,26.19,-104.27
16.516,26.19,-69.12
16.521,26.19,-69.13
16.526,26.19,-69.14
16.531,26.19,-69.15
16.536,26.19,-69.15
16.541,26.19,-69.16
16.546,26.19,-69.17
16.551,26.19,-69.18
16.556,26.19,-69.19
16.561,26.19,-69.20
16.565,26.19,-69.21
16.571,26.19,-69.22
16.576,26.19,-69.23
16.581,26.19,-69.24
16.586,26.19,-69.25
16.591,26.19,-69.26
16.596,26.19,-69.27
16.601,26.19,-69.28
16.606,26.19,-69.29
16.611,26.19,-69.30
16.616,26.19,-69.31
16.621,26.19,-69.32
16.626,26.19,-69.33
16.631,26.19,-69.34
16.636,26.19,-69.35
16.641,26.11,69.76
16.646,26.11,-65.40
16.651,26.11,-65.41
16.656,26.11,-65.41
16.661,26.11,-65.42
16.666,26.11,-65.43
16.671,26.11,-65.43
16.675,26.11,-65.44
16.681,26.02,73.68
16.686,26.02,-61.48
16.691,26.02,-61.48
16.696,26.02,-61.48
16.701,26.02,-61.49
16.706,26.02,-61.49
16.711,25.93,77.63
16.716,25.93,-57.52
16.721,25.93,-57.52
16.726,25.93,-57.52
16.731,25.93,-57.51
16.736,25.93,-57.51
16.741,25.93,-57.51
16.746,25.93,-57.50
16.751,25.93,-57.50
16.755,25.93,-57.50
16.761,25.93,-57.49
16.766,25.93,-57.49
16.771,25.84,81.63
16.776,25.84,-53.52
16.781,25.84,-53.51
16.786,25.84,-53.50
16.791,25.84,-53.49
16.796,25.84,-53.49
16.801,25.84,-53.48
16.806,25.84,-53.47
16.811,25.84,-53.46
16.816,25.84,-53.45
16.821,25.84,-53.45
16.826,25.84,-53.44
16.831,25.84,-53.43
16.836,25.84,-53.42
16.841,25.84,-53.42
16.846,25.84,-53.41
16.851,25.84,-53.40
16.856,25.84,-53.39
16.861,25.84,-53.38
16.866,25.84,-53.38
16.871,25.84,-53.37
16.876,25.84,-53.36
16.881,25.84,-53.35
16.886,25.84,-53.34
16.891,25.84,-53.34
16.896,25.84,-53.33
16.901,25.84,-53.32
16.906,25.84,-53.31
16.911,25.84,-53.31
16.916,25.84,-53.30
16.921,25.84,-53.29
16.925,25.84,-53.28
16.931,25.84,-53.27
16.936,25.84,-53.27
16.941,25.84,-53.26
16.946,25.93,-92.37
16.951,25.93,-57.21
16.956,25.93,-57.20
16.961,25.93,-57.20
16.966,25.93,-57.20
16.971,25.93,-57.19
16.976,25.93,-57.19
16.981,25.93,-57.19
16.986,25.93,-57.18
16.991,25.93,-57.18
16.996,25.93,-57.18
17.001,25.93,-57.17
17.006,25.93,-57.17
17.011,25.93,-57.16
17.015,25.93,-57.16
17.020,25.93,-57.16
17.025,25.93,-57.15
17.030,25.93,-57.15
17.035,25.93,-57.15
17.040,25.93,-57.14
17.046,25.93,-57.14
17.051,25.93,-57.14
17.056,25.93,-57.13
17.061,25.93,-57.13
17.066,25.93,-57.13
17.071,25.93,-57.12
17.075,25.93,-57.12
17.081,25.93,-57.12
17.086,25.93,-57.11
17.091,25.93,-57.11
17.096,25.93,-57.11
17.101,25.84,82.02
17.106,25.84,-53.13
17.111,25.84,-53.13
17.116,25.84,-53.12
17.121,25.84,-53.11
17.125,25.84,-53.10
17.131,25.84,-53.10
17.136,25.84,-53.09
17.141,25.84,-53.08
17.146,25.84,-53.07
17.151,25.84,-53.06
17.156,25.84,-53.06
17.161,25.84,-53.05
17.166,25.84,-53.04
17.171,25.84,-53.03
17.176,25.84,-53.02
17.181,25.75,86.10
17.186,25.84,-88.16
17.191,25.75,86.12
17.196,25.75,50.98
17.201,25.75,50.99
17.206,25.75,51.00
17.211,25.75,51.01
17.216,25.84,-88.09
17.221,25.84,-52.93
17.225,25.84,-52.92
17.231,25.93,-92.03
17.236,25.93,-56.87
17.243,25.93,-56.86
17.245,26.02,-95.98
17.250,26.02,-60.82
17.255,26.02,-60.82
17.259,26.11,-99.94
17.265,26.11,-64.79
17.270,26.11,-64.79
17.275,26.11,-64.80
17.280,26.11,-64.80
17.285,26.11,-64.81
17.290,26.19,-103.94
17.296,26.19,-68.78
17.301,26.19,-68.79
17.306,26.19,-68.80
17.311,26.19,-68.81
17.316,26.19,-68.82
17.321,26.19,-68.83
17.326,26.19,-68.84
17.331,26.19,-68.85
17.336,26.19,-68.86
17.341,26.19,-68.87
17.346,26.28,-108.00
17.351,26.28,-72.86
17.356,26.28,-72.87
17.361,26.28,-72.88
17.366,26.28,-72.90
17.371,26.28,-72.91
17.376,26.28,-72.93
17.381,26.28,-72.94
17.385,26.28,-72.95
17.391,26.28,-72.97
17.396,26.19,66.14
17.401,26.28,-108.15
17.406,26.28,-73.01
17.411,26.28,-73.02
17.416,26.28,-73.03
17.421,26.28,-73.05
17.426,26.28,-73.06
17.431,26.28,-73.08
17.436,26.28,-73.09
17.441,26.19,66.01
17.446,26.19,-69.16
17.451,26.19,-69.16
17.456,26.19,-69.17
17.461,26.19,-69.18
17.466,26.19,-69.19
17.471,26.19,-69.20
17.476,26.19,-69.21
17.481,26.19,-69.22
17.486,26.19,-69.23
17.491,26.19,-69.24
17.496,26.19,-69.25
17.501,26.19,-69.26
17.506,26.19,-69.27
17.511,26.11,69.84
17.516,26.11,-65.33
17.521,26.11,-65.33
17.526,26.11,-65.34
17.531,26.11,-65.34
17.536,26.02,73.77
17.541,26.02,-61.39
17.546,26.02,-61.39
17.551,26.02,-61.39
17.557,25.93,77.73
17.561,25.93,-57.43
17.566,25.84,81.69
17.571,25.84,-53.46
17.576,25.75,85.67
17.581,25.67,89.64
17.586,25.67,54.50
17.591,25.58,93.64
17.596,25.58,58.50
17.601,25.49,97.64
17.606,25.58,-76.62
17.611,25.49,97.68
17.616,25.49,62.55
17.621,25.49,62.58
17.626,25.49,62.60
17.631,25.49,62.63
17.636,25.58,-76.47
17.641,25.58,58.71
17.646,25.58,58.73
17.651,25.58,58.75
17.656,25.58,58.78
17.661,25.67,-80.32
17.666,25.75,-84.27
17.671,25.75,50.91
17.676,25.75,50.92
17.681,25.84,-88.19
17.686,25.84,-53.02
17.691,25.93,-92.13
17.696,25.93,-56.97
17.701,26.02,-96.09
17.706,26.02,-60.93
17.711,26.11,-100.05
17.716,26.11,-64.89
17.721,26.19,-104.02
17.726,26.19,-68.87
17.731,26.19,-68.88
17.736,26.19,-68.89
17.741,26.19,-68.90
17.746,26.28,-108.03
17.751,26.28,-72.88
17.756,26.28,-72.90
17.761,26.28,-72.91
17.766,26.28,-72.92
17.771,26.37,-112.06
17.776,26.37,-76.92
17.781,26.37,-76.93
17.785,26.37,-76.95
17.791,26.37,-76.97
17.796,26.28,62.13
17.801,26.28,-73.04
17.806,26.28,-73.06
17.811,26.19,66.05
17.816,26.19,-69.12
17.821,26.11,69.99
17.826,26.11,-65.18
17.831,26.02,73.94
17.836,25.93,77.90
17.841,25.84,81.86
17.846,25.75,85.83
17.851,25.67,89.80
17.856,25.67,54.66
17.861,25.58,93.79
17.866,25.58,58.65
17.871,25.49,97.79
17.876,25.49,62.66
17.881,25.49,62.69
17.886,25.40,101.83
17.891,25.40,66.70
17.896,25.40,66.73
17.901,25.40,66.76
17.906,25.49,-72.33
17.911,25.49,62.86
17.916,25.49,62.88
17.921,25.49,62.91
17.926,25.49,62.93
17.931,25.58,-76.16
17.936,25.58,59.02
17.941,25.58,59.04
17.946,25.67,-80.06
17.951,25.67,55.12
17.956,25.75,-83.99
17.961,25.75,51.19
17.966,25.75,51.20
17.971,25.84,-87.91
17.976,25.84,-52.74
17.981,25.93,-91.85
17.986,25.93,-56.69
17.991,25.93,-56.69
17.996,26.02,-95.80
18.001,26.02,-60.64
18.006,26.11,-99.76
18.011,26.11,-64.61
18.016,26.11,-64.61
18.021,26.11,-64.62
18.026,26.19,-103.75
18.031,26.19,-68.59
18.035,26.19,-68.60
18.041,26.19,-68.61
18.045,26.19,-68.62
18.050,26.19,-68.63
18.055,26.19,-68.64
18.060,26.19,-68.65
18.066,26.19,-68.66
18.071,26.19,-68.67
18.076,26.19,-68.68
18.081,26.19,-68.69
18.086,26.11,70.42
18.091,26.11,-64.75
18.096,26.11,-64.75
18.101,26.11,-64.76
18.106,26.11,-64.76
18.111,26.11,-64.77
18.116,26.11,-64.77
18.121,26.11,-64.78
18.126,26.02,74.34
18.131,26.02,-60.83
18.136,26.02,-60.83
18.141,26.02,-60.83
18.146,26.02,-60.83
18.151,26.02,-60.83
18.156,26.02,-60.83
18.161,25.93,78.29
18.166,25.93,-56.87
18.171,25.93,-56.86
18.176,25.93,-56.86
18.181,25.84,82.26
18.186,25.84,-52.89
18.191,25.84,-52.88
18.196,25.84,-52.87
18.201,25.84,-52.87
18.206,25.75,86.26
18.211,25.75,51.11
18.216,25.75,51.13
18.221,25.75,51.14
18.227,25.75,51.15
18.230,25.75,51.16
18.235,25.84,-87.94
18.240,25.84,-52.78
18.246,25.84,-52.77
18.251,25.84,-52.76
18.256,25.93,-91.87
18.261,25.93,-56.71
18.266,25.93,-56.71
18.271,25.93,-56.70
18.276,25.93,-56.70
18.281,25.93,-56.70
18.286,25.93,-56.69
18.291,25.93,-56.69
18.296,26.02,-95.80
18.301,26.02,-60.65
18.306,25.93,78.47
18.311,25.93,-56.68
18.316,25.93,-56.68
18.321,25.93,-56.68
18.326,25.93,-56.67
18.331,25.93,-56.67
18.336,25.93,-56.67
18.341,25.93,-56.66
18.346,25.93,-56.66
18.351,25.93,-56.66
18.356,25.93,-56.65
18.361,25.93,-56.65
18.366,25.93,-56.64
18.371,25.93,-56.64
18.376,25.93,-56.64
18.381,25.93,-56.63
18.386,25.84,82.49
18.391,25.84,-52.66
18.396,25.84,-52.66
18.401,25.84,-52.65
18.406,25.84,-52.64
18.411,25.84,-52.63
18.416,25.75,86.50
18.421,25.75,51.35
18.426,25.75,51.36
18.431,25.84,-87.75
18.436,25.75,86.54
18.441,25.84,-87.73
18.446,25.84,-52.56
18.451,25.84,-52.55
18.456,25.84,-52.54
18.461,25.84,-52.54
18.465,25.84,-52.53
18.470,25.84,-52.52
18.475,25.84,-52.51
18.481,25.84,-52.50
18.486,25.84,-52.50
18.491,25.84,-52.49
18.496,25.84,-52.48
18.501,25.84,-52.47
18.506,25.84,-52.46
18.511,25.84,-52.46
18.516,25.84,-52.45
18.521,25.84,-52.44
18.526,25.84,-52.43
18.531,25.84,-52.43
18.536,25.84,-52.42
18.541,25.84,-52.41
18.546,25.84,-52.40
18.551,25.84,-52.39
18.556,25.84,-52.39
18.561,25.75,86.74
18.566,25.75,51.59
18.571,25.75,51.61
18.576,25.75,51.62
18.581,25.75,51.63
18.586,25.67,90.76
18.591,25.75,-83.50
18.596,25.75,51.67
18.600,25.75,51.68
18.606,25.75,51.70
18.610,25.75,51.71
18.615,25.75,51.72
18.621,25.84,-87.39
18.626,25.93,-91.34
18.631,26.02,-95.29
18.636,26.11,-99.26
18.641,26.19,-103.22
18.646,26.28,-107.19
18.651,26.37,-111.16
18.656,26.46,-115.14
18.661,26.55,-119.13
18.666,26.72,-162.23
18.671,26.72,-91.95
18.676,26.81,-131.10
18.681,26.90,-135.11
18.686,26.90,-99.99
18.691,26.99,-139.15
18.696,26.99,-104.04
18.701,27.07,-143.21
18.706,27.07,-108.11
18.711,27.16,-147.28
18.716,27.16,-112.18
18.721,27.16,-112.24
18.726,27.16,-112.29
18.731,27.25,-151.47
18.736,27.25,-116.38
18.741,27.25,-116.44
18.746,27.25,-116.50
18.751,27.25,-116.56
18.755,27.16,-77.50
18.760,27.16,-112.72
18.765,27.16,-112.78
18.771,27.16,-112.84
18.776,27.07,-73.78
18.781,27.07,-108.99
18.786,26.99,-69.92
18.791,26.99,-105.13
18.796,26.99,-105.18
18.801,26.90,-66.11
18.806,26.90,-101.32
18.811,26.81,-62.24
18.816,26.72,-58.32
18.821,26.72,-93.52
18.826,26.63,-54.44
18.831,26.63,-89.63
18.836,26.55,-50.54
18.841,26.46,53.39
18.846,26.46,-81.79
18.851,26.37,57.31
18.856,26.37,-77.87
18.861,26.28,61.23
18.866,26.19,65.18
18.871,26.19,-69.99
18.876,26.19,-70.00
18.880,26.11,69.11
18.886,26.11,-66.06
18.891,26.11,-66.06
18.896,26.02,73.05
18.901,26.02,-62.11
18.906,26.02,-62.11
18.911,26.02,-62.11
18.916,25.93,77.01
18.921,25.93,-58.15
18.926,25.93,-58.15
18.931,25.84,80.98
18.936,25.84,-54.17
18.941,25.84,-54.17
18.946,25.84,-54.16
18.951,25.75,84.97
18.956,25.75,-50.18
18.961,25.75,-50.17
18.966,25.75,-50.15
18.971,25.75,-50.14
18.976,25.75,-50.13
18.981,25.75,-50.12
18.986,25.75,-50.10
18.991,25.75,-50.09
18.996,25.75,-50.08
19.001,25.84,-89.19
19.006,25.75,85.10
19.011,25.75,-50.05
19.016,25.75,-50.04
19.021,25.75,-50.02
19.026,25.75,-50.01
19.031,25.75,50.00
19.036,25.75,50.01
19.041,25.75,50.03
19.046,25.84,-89.08
19.051,25.84,-53.91
19.056,25.84,-53.91
19.061,25.84,-53.90
19.066,25.84,-53.89
19.071,25.93,-93.00
19.076,25.93,-57.84
19.081,25.93,-57.84
19.086,26.02,-96.95
19.091,25.93,77.33
19.096,26.02,-96.95
19.101,26.02,-61.79
19.106,26.02,-61.79
19.111,26.02,-61.79
19.116,26.02,-61.79
19.121,26.11,-100.91
19.126,26.11,-65.76
19.131,26.11,-65.76
19.136,26.11,-65.77
19.141,26.11,-65.78
19.146,26.19,-104.90
19.151,26.19,-69.75
19.156,26.28,-108.88
19.161,26.28,-73.73
19.166,26.37,-112.87
19.171,26.46,-116.85
19.176,26.63,-159.95
19.181,26.72,-128.78
19.186,26.72,-93.66
19.191,26.90,-171.93
19.196,26.90,-101.66
19.201,26.99,-140.82
19.206,27.07,-144.83
19.211,27.16,-148.84
19.216,27.25,-152.86
19.221,27.25,-117.77
19.226,27.34,-156.95
19.231,27.42,-160.97
19.236,27.42,-125.89
19.241,27.42,-125.96
19.245,27.51,-165.15
19.251,27.51,-130.06
19.256,27.51,-130.14
19.261,27.51,-130.21
19.266,27.51,-130.29
19.271,27.51,-130.37
19.276,27.51,-130.44
19.281,27.51,-130.52
19.286,27.51,-130.59
19.291,27.51,-130.67
19.296,27.51,-130.74
19.301,27.42,-91.70
19.306,27.42,-126.93
19.311,27.42,-127.00
19.316,27.42,-127.07
19.321,27.34,-88.03
19.326,27.34,-123.25
19.331,27.25,-84.20
19.336,27.25,-119.42
19.341,27.16,-80.36
19.346,27.16,-115.58
19.351,27.07,-76.52
19.356,26.99,-72.61
19.361,26.90,-68.70
19.366,26.90,-103.91
19.371,26.81,-64.83
19.376,26.81,-100.03
19.381,26.72,-60.95
19.386,26.72,-96.15
19.391,26.63,-57.07
19.396,26.55,-53.14
19.401,26.55,-88.33
19.406,26.46,50.77
19.411,26.37,54.70
19.416,26.37,-80.47
19.421,26.28,58.63
19.426,26.19,62.57
19.431,26.19,-72.60
19.436,26.19,-72.61
19.441,26.19,-72.62
19.446,26.19,-72.63
19.450,26.11,66.48
19.456,26.11,-68.68
19.461,26.11,-68.69
19.466,26.02,70.43
19.471,26.02,-64.73
19.476,26.02,-64.73
19.481,26.02,-64.73
19.486,26.02,-64.74
19.491,26.02,-64.74
19.496,26.02,-64.74
19.501,25.93,74.38
19.506,26.02,-99.89
19.511,25.93,74.38
19.516,26.02,-99.89
19.521,26.02,-64.73
19.526,25.93,74.39
19.531,26.02,-99.89
19.536,26.02,-64.73
19.541,26.02,-64.73
19.546,26.02,-64.73
19.551,25.93,74.39
19.556,26.02,-99.89
19.561,25.93,74.39
19.566,26.02,-99.89
19.571,26.02,-64.73
19.576,26.02,-64.73
19.581,26.02,-64.73
19.586,26.11,-103.85
19.591,26.11,-68.70
19.596,26.11,-68.70
19.601,26.11,-68.71
19.606,26.11,-68.71
19.611,26.19,-107.84
19.616,26.19,-72.69
19.621,26.19,-72.70
19.626,26.11,66.41
19.631,26.11,-68.75
19.635,26.11,-68.76
19.641,26.11,-68.76
19.646,26.11,-68.77
19.651,26.11,-68.77
19.656,26.19,-107.90
19.661,26.19,-72.75
19.665,26.11,66.36
19.670,26.11,-68.80
19.676,26.11,-68.81
19.680,26.11,-68.81
19.686,26.11,-68.82
19.691,26.11,-68.83
19.696,26.11,-68.83
19.701,26.11,-68.84
19.706,26.11,-68.84
19.711,26.11,-68.85
19.716,26.11,-68.85
19.721,26.11,-68.86
19.726,26.11,-68.86
19.731,26.11,-68.87
19.736,26.11,-68.87
19.741,26.02,70.24
19.746,26.02,-64.92
19.751,26.02,-64.92
19.756,26.02,-64.92
19.761,26.02,-64.92
19.766,26.02,-64.92
19.771,26.02,-64.92
19.776,26.02,-64.93
19.781,26.02,-64.93
19.786,26.02,-64.93
19.791,26.02,-64.93
19.795,26.02,-64.93
19.800,26.02,-64.93
19.805,26.02,-64.93
19.810,26.02,-64.93
19.816,26.02,-64.93
19.821,26.02,-64.93
19.826,26.02,-64.93
19.831,26.02,-64.94
19.836,25.93,74.18
19.841,25.93,-60.97
19.846,25.93,-60.97
19.851,25.84,78.15
19.856,25.84,-57.00
19.861,25.75,82.13
19.865,25.75,-53.02
19.870,25.67,86.11
19.876,25.67,50.97
19.881,25.58,90.11
19.886,25.58,54.97
19.891,25.58,54.99
19.896,25.58,55.01
19.901,25.58,55.03
19.906,25.49,94.17
19.911,25.49,59.04
19.916,25.49,59.06
19.921,25.58,-80.03
19.925,25.58,55.15
19.930,25.58,55.17
19.936,25.58,55.19
19.941,25.58,55.21
19.946,25.58,55.23
19.951,25.67,-83.86
19.956,25.67,51.31
19.961,25.75,-87.79
19.967,25.75,-52.62
19.970,25.84,-91.73
19.976,25.84,-56.56
19.981,25.93,-95.67
19.985,25.93,-60.51
19.990,25.93,-60.50
19.996,26.02,-99.62
20.001,26.02,-64.46
